measurement,deployment_id,timestamp,sensors__Cond,sensors__DOpct,sensors__Sal,sensors__Temp,sensors__Turb,sensors__lat,sensors__lon,sensors__pH,description
Alan,17,2023-07-23T00:00:00+00:00,397,104.7,0.19,25.41,6.13,,,7.58,"Temperatures reached the upper 90s to 100 degrees Fahrenheit, prompting health advisories and the opening of cooling centers across the city to help residents cope with the extreme heat."
Alan,17,2023-07-23T00:15:00+00:00,401.8,106.4,0.19,25.45,6.11,,,7.6,
Alan,17,2023-07-23T00:30:00+00:00,404.7,105.1,0.19,25.43,6.04,,,7.57,
Alan,17,2023-07-23T00:45:00+00:00,417.1,107.7,0.2,25.38,6.44,,,7.59,
Alan,17,2023-07-23T01:00:00+00:00,415.4,105.6,0.2,25.45,6.22,,,7.56,
Alan,17,2023-07-23T01:15:00+00:00,420.3,105.1,0.2,25.44,6.23,,,7.55,
Alan,17,2023-07-23T01:30:00+00:00,431.7,107.3,0.2,25.46,5.97,,,7.54,
Alan,17,2023-07-23T01:45:00+00:00,441.5,104.2,0.21,25.46,6.42,,,7.53,
Alan,17,2023-07-23T02:00:00+00:00,444.9,101.5,0.21,25.46,6.3,,,7.52,
Alan,17,2023-07-23T02:15:00+00:00,443,100.9,0.21,25.46,6.39,,,7.52,
Alan,17,2023-07-23T02:30:00+00:00,447.6,97.9,0.21,25.46,6.33,,,7.52,
Alan,17,2023-07-23T02:45:00+00:00,448.2,104.9,0.21,25.46,6.48,,,7.51,
Alan,17,2023-07-23T03:00:00+00:00,440.5,115.2,0.21,25.46,6.56,,,7.55,
Alan,17,2023-07-23T03:15:00+00:00,444.8,116.2,0.21,25.44,6.66,,,7.57,
Alan,17,2023-07-23T03:30:00+00:00,454.6,120.9,0.22,25.44,7.24,,,7.57,
Alan,17,2023-07-23T03:45:00+00:00,445,104.9,0.21,25.44,7.3,,,7.57,
Alan,17,2023-07-23T04:00:00+00:00,457.9,126,0.22,25.44,7.45,,,7.6,
Alan,17,2023-07-23T04:15:00+00:00,438.1,122,0.21,25.42,7.25,,,7.6,
Alan,17,2023-07-23T04:30:00+00:00,443.6,114.3,0.21,25.44,7.57,,,7.57,
Alan,17,2023-07-23T04:45:00+00:00,452.2,111.4,0.21,25.44,7.26,,,7.54,
Alan,17,2023-07-23T05:00:00+00:00,459.6,115.3,0.22,25.47,6.73,,,7.46,
Alan,17,2023-07-23T05:15:00+00:00,457.1,114.6,0.22,25.43,6.89,,,7.51,
Alan,17,2023-07-23T05:30:00+00:00,489.9,120.3,0.23,25.45,7.48,,,7.51,
Alan,17,2023-07-23T05:45:00+00:00,426.6,120.1,0.2,25.39,7.56,,,7.53,
Alan,17,2023-07-23T06:00:00+00:00,450.3,124,0.21,25.42,7.51,,,7.54,
Alan,17,2023-07-23T06:15:00+00:00,443.9,127.3,0.21,25.41,7.44,,,7.54,
Alan,17,2023-07-23T06:30:00+00:00,450.1,132.7,0.21,25.39,7.47,,,7.57,
Alan,17,2023-07-23T06:45:00+00:00,464.4,133,0.22,25.4,7.64,,,7.57,
Alan,17,2023-07-23T07:00:00+00:00,551.4,95.6,0.26,25.46,7.52,,,7.42,
Alan,17,2023-07-23T07:15:00+00:00,525.3,122.8,0.25,25.47,7.84,,,7.46,
Alan,17,2023-07-23T07:30:00+00:00,517.8,126.1,0.25,25.44,8.12,,,7.46,
Alan,17,2023-07-23T07:45:00+00:00,525.2,124.4,0.25,25.46,8.83,,,7.45,
Alan,17,2023-07-23T08:00:00+00:00,521.7,121.5,0.25,25.42,8.66,,,7.45,
Alan,17,2023-07-23T08:15:00+00:00,519.2,118.2,0.25,25.42,10.23,,,7.42,
Alan,17,2023-07-23T08:30:00+00:00,525.3,14.23,0.25,25.4,23.01,,,7.41,
Alan,17,2023-07-23T08:45:00+00:00,527.6,24.81,0.25,25.39,22,,,7.38,
Alan,17,2023-07-23T09:00:00+00:00,510.2,33.29,0.24,25.36,21.84,,,7.35,
Alan,17,2023-07-23T09:15:00+00:00,448.3,63.02,0.21,25.29,9.65,,,7.33,
Alan,17,2023-07-23T09:30:00+00:00,488.5,79.02,0.23,25.2,9,,,7.31,
Alan,17,2023-07-23T09:45:00+00:00,484.5,66.31,0.23,25.19,8.18,,,7.3,
Alan,17,2023-07-23T10:00:00+00:00,484.2,74.51,0.23,25.17,7.96,,,7.34,
Alan,17,2023-07-23T10:15:00+00:00,460.5,74.24,0.22,25.07,8.97,,,7.39,
Alan,17,2023-07-23T10:30:00+00:00,432.6,72.9,0.21,25.04,7.58,,,7.35,
Alan,17,2023-07-23T10:45:00+00:00,419.5,66.56,0.2,24.97,7.62,,,7.39,
Alan,17,2023-07-23T11:00:00+00:00,416.9,60.44,0.2,24.93,9.19,,,7.36,
Alan,17,2023-07-23T11:15:00+00:00,411.2,70.84,0.2,24.85,7.69,,,7.38,
Alan,17,2023-07-23T11:30:00+00:00,392.2,65.04,0.19,24.82,8.35,,,7.39,
Alan,17,2023-07-23T11:45:00+00:00,396.7,67.29,0.19,24.75,8.79,,,7.4,
Alan,17,2023-07-23T12:00:00+00:00,394.2,71.59,0.19,24.76,7.71,,,7.4,
Alan,17,2023-07-23T12:15:00+00:00,390.6,72.72,0.19,24.75,8.57,,,7.41,
Alan,17,2023-07-23T12:30:00+00:00,387.8,72.7,0.19,24.75,8.78,,,7.46,
Alan,17,2023-07-23T12:45:00+00:00,374.5,79.86,0.18,24.8,7.7,,,7.52,
Alan,17,2023-07-23T13:00:00+00:00,385.8,80.8,0.19,24.69,7.9,,,7.54,
Alan,17,2023-07-23T13:15:00+00:00,379.1,82.3,0.18,24.72,7.89,,,7.55,
Alan,17,2023-07-23T13:30:00+00:00,402.4,77.48,0.19,24.69,8.03,,,7.53,
Alan,17,2023-07-23T13:45:00+00:00,396.4,77.76,0.19,24.67,8.23,,,7.51,
Alan,17,2023-07-23T14:00:00+00:00,390.4,78.59,0.19,24.69,8.08,,,7.51,
Alan,17,2023-07-23T14:15:00+00:00,386.4,77.84,0.19,24.69,10.45,,,7.51,
Alan,17,2023-07-23T14:30:00+00:00,387.4,79.18,0.19,24.66,8.26,,,7.52,
Alan,17,2023-07-23T14:45:00+00:00,395.6,78.84,0.19,24.71,8.48,,,7.51,
Alan,17,2023-07-23T15:00:00+00:00,377.3,77.85,0.18,24.72,7.94,,,7.5,
Alan,17,2023-07-23T15:15:00+00:00,377.8,74.63,0.18,24.74,8.58,,,7.5,
Alan,17,2023-07-23T15:30:00+00:00,373.9,82.1,0.18,24.75,8.34,,,7.53,
Alan,17,2023-07-23T15:45:00+00:00,380.1,84.1,0.18,24.69,7.91,,,7.54,
Alan,17,2023-07-23T16:00:00+00:00,377.3,87.8,0.18,24.71,8.31,,,7.58,
Alan,17,2023-07-23T16:15:00+00:00,374.7,89.5,0.18,24.82,8.85,,,7.59,
Alan,17,2023-07-23T16:30:00+00:00,373.2,88.1,0.18,24.9,8.9,,,7.59,
Alan,17,2023-07-23T16:45:00+00:00,371.8,87.1,0.18,24.93,8.13,,,7.61,
Alan,17,2023-07-23T17:00:00+00:00,370.2,91.6,0.18,25,8.46,,,7.64,
Alan,17,2023-07-23T17:15:00+00:00,379.4,95,0.18,24.97,8.66,,,7.65,
Alan,17,2023-07-23T17:30:00+00:00,379.1,100.7,0.18,25.05,8.1,,,7.67,
Alan,17,2023-07-23T17:45:00+00:00,381.4,99,0.18,25.11,8.31,,,7.68,
Alan,17,2023-07-23T18:00:00+00:00,379.7,101.8,0.18,25.15,7.72,,,7.7,
Alan,17,2023-07-23T18:15:00+00:00,380.1,108.4,0.18,25.14,8.3,,,7.74,
Alan,17,2023-07-23T18:30:00+00:00,387.4,104.6,0.18,25.24,8.43,,,7.73,
Alan,17,2023-07-23T18:45:00+00:00,381.7,106.7,0.18,25.24,7.74,,,7.71,
Alan,17,2023-07-23T19:00:00+00:00,396.9,109.3,0.19,25.25,8.3,,,7.69,
Alan,17,2023-07-23T19:15:00+00:00,397.8,110.4,0.19,25.3,8.34,,,7.7,
Alan,17,2023-07-23T19:30:00+00:00,394.9,114.1,0.19,25.35,8.57,,,7.75,
Alan,17,2023-07-23T19:45:00+00:00,394.8,122.4,0.19,25.38,8.7,,,7.81,
Alan,17,2023-07-23T20:00:00+00:00,399.2,115.7,0.19,25.47,8.48,,,7.77,
Alan,17,2023-07-23T20:15:00+00:00,398.7,111.7,0.19,25.44,8.32,,,7.72,
Alan,17,2023-07-23T20:30:00+00:00,404.6,111.6,0.19,25.42,9.34,,,7.65,
Alan,17,2023-07-23T20:45:00+00:00,406.6,111.3,0.19,25.45,8.56,,,7.64,
Alan,17,2023-07-23T21:00:00+00:00,404.8,112.1,0.19,25.45,8.65,,,7.66,
Alan,17,2023-07-23T21:15:00+00:00,406.7,111.7,0.19,25.46,8.69,,,7.66,
Alan,17,2023-07-23T21:30:00+00:00,409.2,110.6,0.19,25.46,8.77,,,7.64,
Alan,17,2023-07-23T21:45:00+00:00,405.3,114,0.19,25.44,9.84,,,7.66,
Alan,17,2023-07-23T22:00:00+00:00,406.2,113.2,0.19,25.46,9.32,,,7.67,
Alan,17,2023-07-23T22:15:00+00:00,402.1,113.9,0.19,25.47,9.7,,,7.68,
Alan,17,2023-07-23T22:30:00+00:00,394.4,116.3,0.19,25.44,9.87,,,7.67,
Alan,17,2023-07-23T22:45:00+00:00,403.7,116.3,0.19,25.42,9.01,,,7.72,
Alan,17,2023-07-23T23:00:00+00:00,419.1,120.2,0.2,25.35,8.6,,,7.72,
Alan,17,2023-07-23T23:15:00+00:00,405,118.2,0.19,25.4,8.8,,,7.73,
Alan,17,2023-07-23T23:30:00+00:00,401.5,117.1,0.19,25.44,8.78,,,7.75,
Alan,17,2023-07-23T23:45:00+00:00,404.4,117.3,0.19,25.45,9.03,,,7.75,
Alan,17,2023-07-24T00:00:00+00:00,404.4,116.8,0.19,25.42,9.05,,,7.73,
Alan,17,2023-07-24T00:15:00+00:00,404.1,116.7,0.19,25.41,9.52,,,7.72,
Alan,17,2023-07-24T00:30:00+00:00,405,126.3,0.19,25.38,9.22,,,7.76,
Alan,17,2023-07-24T00:45:00+00:00,398.5,116,0.19,25.41,9.24,,,7.76,
Alan,17,2023-07-24T01:00:00+00:00,398.9,116.4,0.19,25.43,9.46,,,7.75,
Alan,17,2023-07-24T01:15:00+00:00,407.4,119.7,0.19,25.37,9.6,,,7.76,
Alan,17,2023-07-24T01:30:00+00:00,405,119.9,0.19,25.4,9.72,,,7.78,
Alan,17,2023-07-24T01:45:00+00:00,405.8,121.1,0.19,25.41,9.34,,,7.77,
Alan,17,2023-07-24T02:00:00+00:00,405,119.4,0.19,25.41,9.54,,,7.77,
Alan,17,2023-07-24T02:15:00+00:00,404.6,119.8,0.19,25.41,9.86,,,7.76,
Alan,17,2023-07-24T02:30:00+00:00,404.5,121.1,0.19,25.4,10.79,,,7.74,
Alan,17,2023-07-24T02:45:00+00:00,405.6,117.5,0.19,25.41,10.88,,,7.72,
Alan,17,2023-07-24T03:00:00+00:00,407.5,69.55,0.19,25.4,11.17,,,7.73,
Alan,17,2023-07-24T03:15:00+00:00,409.5,75.18,0.19,25.4,11.03,,,7.72,
Alan,17,2023-07-24T03:30:00+00:00,426.6,131.8,0.2,25.34,11.72,,,7.77,
Alan,17,2023-07-24T03:45:00+00:00,426.1,123.8,0.2,25.41,12.59,,,7.76,
Alan,17,2023-07-24T04:00:00+00:00,420.5,126.9,0.2,25.42,12.76,,,7.77,
Alan,17,2023-07-24T04:15:00+00:00,433.4,128.8,0.21,25.4,11.93,,,7.76,
Alan,17,2023-07-24T04:30:00+00:00,423.2,126,0.2,25.41,12.18,,,7.74,
Alan,17,2023-07-24T04:45:00+00:00,430.8,138.4,0.2,25.36,13.44,,,7.76,
Alan,17,2023-07-24T05:00:00+00:00,431.2,130.5,0.2,25.4,11.96,,,7.75,
Alan,17,2023-07-24T05:15:00+00:00,434.6,130.4,0.21,25.38,9.62,,,7.74,
Alan,17,2023-07-24T05:30:00+00:00,427.3,131.8,0.2,25.4,9.07,,,7.74,
Alan,17,2023-07-24T05:45:00+00:00,435,129.9,0.21,25.43,9.21,,,7.72,
Alan,17,2023-07-24T06:00:00+00:00,435.6,126.2,0.21,25.41,8.52,,,7.7,
Alan,17,2023-07-24T06:15:00+00:00,445.9,126.7,0.21,25.42,8.64,,,7.68,
Alan,17,2023-07-24T06:30:00+00:00,452.3,123.2,0.21,25.44,8.08,,,7.6,
Alan,17,2023-07-24T06:45:00+00:00,451.1,122.4,0.21,25.42,7.8,,,7.59,
Alan,17,2023-07-24T07:00:00+00:00,518.4,126.7,0.25,25.53,8.05,,,7.61,
Alan,17,2023-07-24T07:15:00+00:00,512.2,132.8,0.24,25.52,7.94,,,7.54,
Alan,17,2023-07-24T07:30:00+00:00,510.1,128.8,0.24,25.5,7.51,,,7.52,
Alan,17,2023-07-24T07:45:00+00:00,528.2,119.5,0.25,25.51,7.62,,,7.55,
Alan,17,2023-07-24T08:00:00+00:00,529.7,121.7,0.25,25.49,7.65,,,7.49,
Alan,17,2023-07-24T08:15:00+00:00,569.4,115,0.27,25.55,8.18,,,7.43,
Alan,17,2023-07-24T08:30:00+00:00,557.6,119.2,0.27,25.51,7.93,,,7.45,
Alan,17,2023-07-24T08:45:00+00:00,546.7,109.6,0.26,25.49,8.24,,,7.44,
Alan,17,2023-07-24T09:00:00+00:00,523.2,97.9,0.25,25.45,7.85,,,7.47,
Alan,17,2023-07-24T09:15:00+00:00,528.8,109,0.25,25.45,7.46,,,7.45,
Alan,17,2023-07-24T09:30:00+00:00,539.2,94.9,0.26,25.43,9.66,,,7.43,
Alan,17,2023-07-24T09:45:00+00:00,529.5,103.2,0.25,25.41,7.64,,,7.43,
Alan,17,2023-07-24T10:00:00+00:00,522.5,89.7,0.25,25.37,7.47,,,7.41,
Alan,17,2023-07-24T10:15:00+00:00,492.2,82.1,0.23,25.33,6.86,,,7.43,
Alan,17,2023-07-24T10:30:00+00:00,531.5,85.8,0.25,25.28,7.38,,,7.38,
Alan,17,2023-07-24T10:45:00+00:00,533.3,79.9,0.25,25.34,6.67,,,7.37,
Alan,17,2023-07-24T11:00:00+00:00,529.1,77.24,0.25,25.3,8.06,,,7.36,
Alan,17,2023-07-24T11:15:00+00:00,453.7,80.7,0.22,25.17,6.03,,,7.46,
Alan,17,2023-07-24T11:30:00+00:00,481.9,71.87,0.23,25.22,6.29,,,7.4,
Alan,17,2023-07-24T11:45:00+00:00,488.3,70.98,0.23,25.2,6.41,,,7.39,
Alan,17,2023-07-24T12:00:00+00:00,505.8,69.46,0.24,25.18,6.19,,,7.34,
Alan,17,2023-07-24T12:15:00+00:00,493.2,75.58,0.24,25.19,5.77,,,7.33,
Alan,17,2023-07-24T12:30:00+00:00,493.4,76.69,0.24,25.16,5.8,,,7.37,
Alan,17,2023-07-24T12:45:00+00:00,469.5,79.3,0.22,25.12,5.58,,,7.41,
Alan,17,2023-07-24T13:00:00+00:00,468.7,79.49,0.22,25.13,5.61,,,7.42,
Alan,17,2023-07-24T13:15:00+00:00,481.7,77.97,0.23,25.16,5.77,,,7.4,
Alan,17,2023-07-24T13:30:00+00:00,455.3,78.76,0.22,24.97,5.61,,,7.4,
Alan,17,2023-07-24T13:45:00+00:00,464.9,73.16,0.22,25.14,5.74,,,7.42,
Alan,17,2023-07-24T14:00:00+00:00,459.2,79.5,0.22,25.07,5.6,,,7.44,
Alan,17,2023-07-24T14:15:00+00:00,460.8,82.7,0.22,25.11,5.59,,,7.45,
Alan,17,2023-07-24T14:30:00+00:00,446.9,86.3,0.21,25.09,5.6,,,7.51,
Alan,17,2023-07-24T14:45:00+00:00,446.7,91.6,0.21,25.04,5.56,,,7.48,
Alan,17,2023-07-24T15:00:00+00:00,447.2,88.1,0.21,25.12,5.56,,,7.51,
Alan,17,2023-07-24T15:15:00+00:00,435.3,90.1,0.21,25.13,5.56,,,7.53,
Alan,17,2023-07-24T15:30:00+00:00,438.7,94,0.21,25.15,5.56,,,7.53,
Alan,17,2023-07-24T15:45:00+00:00,441.5,91.6,0.21,25.24,5.81,,,7.54,
Alan,17,2023-07-24T16:00:00+00:00,430.4,101.4,0.21,25.12,5.66,,,7.57,
Alan,17,2023-07-24T16:15:00+00:00,431.7,92.4,0.21,25.27,5.58,,,7.57,
Alan,17,2023-07-24T16:30:00+00:00,426.4,103.6,0.2,25.25,5.55,,,7.61,
Alan,17,2023-07-24T16:45:00+00:00,431.3,101.8,0.2,25.32,5.65,,,7.61,
Alan,17,2023-07-24T17:00:00+00:00,421.3,104.3,0.2,25.3,5.62,,,7.6,
Alan,17,2023-07-24T17:15:00+00:00,420.5,107.8,0.2,25.38,5.55,,,7.64,
Alan,17,2023-07-24T17:30:00+00:00,417.7,112.3,0.2,25.38,5.5,,,7.68,
Alan,17,2023-07-24T17:45:00+00:00,422.4,110.6,0.2,25.43,5.59,,,7.73,
Alan,17,2023-07-24T18:00:00+00:00,423.1,123.9,0.2,25.29,5.51,,,7.78,
Alan,17,2023-07-24T18:15:00+00:00,423.7,122.4,0.2,25.42,5.68,,,7.76,
Alan,17,2023-07-24T18:30:00+00:00,419.5,120.3,0.2,25.49,5.9,,,7.75,
Alan,17,2023-07-24T18:45:00+00:00,418.3,115.2,0.2,25.54,5.83,,,7.77,
Alan,17,2023-07-24T19:00:00+00:00,417.2,118.3,0.2,25.54,5.7,,,7.8,
Alan,17,2023-07-24T19:15:00+00:00,418.2,117.9,0.2,25.53,5.84,,,7.77,
Alan,17,2023-07-24T19:30:00+00:00,424.7,132.3,0.2,25.49,6.03,,,7.82,
Alan,17,2023-07-24T19:45:00+00:00,418,125.4,0.2,25.58,5.94,,,7.84,
Alan,17,2023-07-24T20:00:00+00:00,411.8,118.9,0.19,25.71,5.87,,,7.84,
Alan,17,2023-07-24T20:15:00+00:00,414.1,123.3,0.2,25.62,6,,,7.87,
Alan,17,2023-07-24T20:30:00+00:00,415,115.1,0.2,25.67,5.94,,,7.75,
Alan,17,2023-07-24T20:45:00+00:00,415.8,125.8,0.2,25.65,5.97,,,7.81,
Alan,17,2023-07-24T21:00:00+00:00,415.8,133.9,0.2,25.58,6.07,,,7.89,
Alan,17,2023-07-24T21:15:00+00:00,415.6,123.4,0.2,25.66,6.11,,,7.9,
Alan,17,2023-07-24T21:30:00+00:00,414.7,123.6,0.2,25.68,6.2,,,7.81,
Alan,17,2023-07-24T21:45:00+00:00,414.1,120.3,0.19,25.71,6.02,,,7.79,
Alan,17,2023-07-24T22:00:00+00:00,416.7,121,0.2,25.69,6.17,,,7.82,
Alan,17,2023-07-24T22:15:00+00:00,419,121.4,0.2,25.66,6.16,,,7.81,
Alan,17,2023-07-24T22:30:00+00:00,416.6,120.2,0.2,25.71,6.2,,,7.81,
Alan,17,2023-07-24T22:45:00+00:00,415.2,126.2,0.2,25.7,6.12,,,7.86,
Alan,17,2023-07-24T23:00:00+00:00,417.6,120.6,0.2,25.72,6.49,,,7.84,
Alan,17,2023-07-24T23:15:00+00:00,421.3,119,0.2,25.69,6.3,,,7.75,
Alan,17,2023-07-24T23:30:00+00:00,418.5,130.8,0.2,25.69,6.28,,,7.84,
Alan,17,2023-07-24T23:45:00+00:00,418.7,120,0.2,25.74,6.48,,,7.8,
Alan,17,2023-07-25T00:00:00+00:00,422.1,123.3,0.2,25.69,6.37,,,7.81,
Alan,17,2023-07-25T00:15:00+00:00,420.9,124.2,0.2,25.72,6.44,,,7.82,
Alan,17,2023-07-25T00:30:00+00:00,424.6,122.3,0.2,25.71,6.36,,,7.79,
Alan,17,2023-07-25T00:45:00+00:00,423.3,123.6,0.2,25.75,6.49,,,7.79,
Alan,17,2023-07-25T01:00:00+00:00,425.5,124.5,0.2,25.72,6.47,,,7.79,
Alan,17,2023-07-25T01:15:00+00:00,424.4,123.5,0.2,25.69,6.1,,,7.8,
Alan,17,2023-07-25T01:30:00+00:00,425.8,123.3,0.2,25.71,6.04,,,7.8,
Alan,17,2023-07-25T01:45:00+00:00,427.4,123.8,0.2,25.72,6.23,,,7.79,
Alan,17,2023-07-25T02:00:00+00:00,427.2,124.4,0.2,25.72,10.13,,,7.79,
Alan,17,2023-07-25T02:15:00+00:00,430.7,123.4,0.2,25.72,8.88,,,7.8,
Alan,17,2023-07-25T02:30:00+00:00,433.8,127.7,0.2,25.7,6.24,,,7.8,
Alan,17,2023-07-25T02:45:00+00:00,449.8,130,0.21,25.72,6.33,,,7.81,
Alan,17,2023-07-25T03:00:00+00:00,442.9,132.5,0.21,25.7,6.89,,,7.8,
Alan,17,2023-07-25T03:15:00+00:00,438.6,133.3,0.21,25.7,6.58,,,7.78,
Alan,17,2023-07-25T03:30:00+00:00,452.3,134.3,0.21,25.7,8.64,,,7.79,
Alan,17,2023-07-25T03:45:00+00:00,450.2,131.8,0.21,25.7,6.27,,,7.78,
Alan,17,2023-07-25T04:00:00+00:00,444.4,133.6,0.21,25.7,6.2,,,7.79,
Alan,17,2023-07-25T04:15:00+00:00,482,140.3,0.23,25.7,6.28,,,7.78,
Alan,17,2023-07-25T04:30:00+00:00,455,131.3,0.21,25.68,5.9,,,7.77,
Alan,17,2023-07-25T04:45:00+00:00,450.9,128.9,0.21,25.68,6.33,,,7.76,
Alan,17,2023-07-25T05:00:00+00:00,451.9,133.5,0.21,25.67,6.44,,,7.76,
Alan,17,2023-07-25T05:15:00+00:00,454.7,134.3,0.21,25.68,5.95,,,7.76,
Alan,17,2023-07-25T05:30:00+00:00,473,129.7,0.22,25.68,6.41,,,7.73,
Alan,17,2023-07-25T05:45:00+00:00,468.8,130.7,0.22,25.69,6.17,,,7.71,
Alan,17,2023-07-25T06:00:00+00:00,489.6,132.9,0.23,25.7,7.01,,,7.69,
Alan,17,2023-07-25T06:15:00+00:00,481.1,129.9,0.23,25.69,6.19,,,7.66,
Alan,17,2023-07-25T06:30:00+00:00,514.9,122.6,0.24,25.72,6.15,,,7.58,
Alan,17,2023-07-25T06:45:00+00:00,563.9,126.7,0.27,25.78,6.69,,,7.56,
Alan,17,2023-07-25T07:00:00+00:00,622.6,96.9,0.3,25.85,6.74,,,7.47,
Alan,17,2023-07-25T07:15:00+00:00,611.8,100.9,0.29,25.85,6.86,,,7.39,
Alan,17,2023-07-25T07:30:00+00:00,614,94.6,0.29,25.84,6.86,,,7.37,
Alan,17,2023-07-25T07:45:00+00:00,601.1,91.1,0.29,25.82,6.88,,,7.34,
Alan,17,2023-07-25T08:00:00+00:00,590.4,104.5,0.28,25.78,6.93,,,7.42,
Alan,17,2023-07-25T08:15:00+00:00,595.2,86.8,0.28,25.81,6.79,,,7.38,
Alan,17,2023-07-25T08:30:00+00:00,595,88.8,0.28,25.79,7.09,,,7.39,
Alan,17,2023-07-25T08:45:00+00:00,574.7,92.7,0.27,25.74,6.56,,,7.4,
Alan,17,2023-07-25T09:00:00+00:00,561,100.2,0.27,25.7,6.55,,,7.42,
Alan,17,2023-07-25T09:15:00+00:00,558.2,95.7,0.27,25.67,6.32,,,7.44,
Alan,17,2023-07-25T09:30:00+00:00,553.4,89.5,0.26,25.62,6.42,,,7.44,
Alan,17,2023-07-25T09:45:00+00:00,541.3,82.9,0.26,25.58,6.22,,,7.44,
Alan,17,2023-07-25T10:00:00+00:00,526.8,80.4,0.25,25.53,6.43,,,7.44,
Alan,17,2023-07-25T10:15:00+00:00,527.2,84.3,0.25,25.52,6.25,,,7.44,
Alan,17,2023-07-25T10:30:00+00:00,530.4,81.2,0.25,25.52,6.4,,,7.44,
Alan,17,2023-07-25T10:45:00+00:00,528.7,78.42,0.25,25.49,6.53,,,7.42,
Alan,17,2023-07-25T11:00:00+00:00,527.4,71.97,0.25,25.46,6.35,,,7.4,
Alan,17,2023-07-25T11:15:00+00:00,539.2,70.28,0.26,25.46,6.41,,,7.37,
Alan,17,2023-07-25T11:30:00+00:00,529.7,68.17,0.25,25.44,6.36,,,7.36,
Alan,17,2023-07-25T11:45:00+00:00,537.8,68.47,0.26,25.41,6.57,,,7.35,
Alan,17,2023-07-25T12:00:00+00:00,517.1,64.59,0.25,25.41,7.12,,,7.34,
Alan,17,2023-07-25T12:15:00+00:00,512.3,73.16,0.24,25.32,6.22,,,7.35,
Alan,17,2023-07-25T12:30:00+00:00,495.4,76.41,0.24,25.34,7.3,,,7.41,
Alan,17,2023-07-25T12:45:00+00:00,475.9,79.92,0.23,25.2,6.17,,,7.44,
Alan,17,2023-07-25T13:00:00+00:00,479.1,79.48,0.23,25.16,6.12,,,7.45,
Alan,17,2023-07-25T13:15:00+00:00,489.8,75.23,0.23,25.32,6.08,,,7.43,
Alan,17,2023-07-25T13:30:00+00:00,484,78.15,0.23,25.2,5.69,,,7.45,
Alan,17,2023-07-25T13:45:00+00:00,441.2,85.7,0.21,25.25,5.46,,,7.5,
Alan,17,2023-07-25T14:00:00+00:00,454.3,83.7,0.22,25.2,5.43,,,7.51,
Alan,17,2023-07-25T14:15:00+00:00,433.7,84.1,0.21,25.27,5.52,,,7.57,
Alan,17,2023-07-25T14:30:00+00:00,441.4,88.5,0.21,25.16,5.55,,,7.58,
Alan,17,2023-07-25T14:45:00+00:00,432.2,91.9,0.21,25.19,5.26,,,7.61,
Alan,17,2023-07-25T15:00:00+00:00,438.1,91.1,0.21,25.23,5.67,,,7.62,
Alan,17,2023-07-25T15:15:00+00:00,437.2,94.1,0.21,25.18,5.59,,,7.65,
Alan,17,2023-07-25T15:30:00+00:00,429.8,92.5,0.2,25.32,6.29,,,7.64,
Alan,17,2023-07-25T15:45:00+00:00,427.4,98.7,0.2,25.21,5.66,,,7.67,
Alan,17,2023-07-25T16:00:00+00:00,428.9,100.4,0.2,25.33,5.62,,,7.66,
Alan,17,2023-07-25T16:15:00+00:00,433.4,100.1,0.21,25.38,5.55,,,7.71,
Alan,17,2023-07-25T16:30:00+00:00,423.9,104.1,0.2,25.4,5.5,,,7.78,
Alan,17,2023-07-25T16:45:00+00:00,422.3,109.8,0.2,25.41,5.49,,,7.82,
Alan,17,2023-07-25T17:00:00+00:00,414.7,111.8,0.2,25.39,5.56,,,7.87,
Alan,17,2023-07-25T17:15:00+00:00,427.7,107.2,0.2,25.52,5.53,,,7.91,
Alan,17,2023-07-25T17:30:00+00:00,420.3,118.1,0.2,25.4,5.56,,,7.91,
Alan,17,2023-07-25T17:45:00+00:00,420.3,119.2,0.2,25.5,5.34,,,7.94,
Alan,17,2023-07-25T18:00:00+00:00,423.3,117.4,0.2,25.61,5.37,,,7.9,
Alan,17,2023-07-25T18:15:00+00:00,434.1,118.1,0.2,25.64,5.21,,,7.91,
Alan,17,2023-07-25T18:30:00+00:00,437.5,122.9,0.21,25.62,5.25,,,7.88,
Alan,17,2023-07-25T18:45:00+00:00,439.9,111.5,0.21,25.67,5.41,,,7.81,
Alan,17,2023-07-25T19:00:00+00:00,437.2,107.3,0.21,25.71,5.46,,,7.67,
Alan,17,2023-07-25T19:15:00+00:00,440.7,108.3,0.21,25.67,5.44,,,7.65,
Alan,17,2023-07-25T19:30:00+00:00,447.4,104,0.21,25.69,6.72,,,7.62,
Alan,17,2023-07-25T19:45:00+00:00,426,113.6,0.2,25.73,5.4,,,7.71,
Alan,17,2023-07-25T20:00:00+00:00,434.3,113.6,0.2,25.7,5.51,,,7.73,
Alan,17,2023-07-25T20:15:00+00:00,446.9,121.8,0.21,25.4,5.46,,,7.8,
Alan,17,2023-07-25T20:30:00+00:00,542.5,97.5,0.27,24.21,14.07,,,7.43,
Alan,17,2023-07-25T20:45:00+00:00,319.3,93.2,0.16,23.51,25.79,,,7.41,
Alan,17,2023-07-25T21:00:00+00:00,220.2,91,0.11,23.26,27.03,,,7.47,
Alan,17,2023-07-25T21:15:00+00:00,193.6,87.9,0.09,23.23,19.69,,,7.43,
Alan,17,2023-07-25T21:30:00+00:00,189.1,87,0.09,23.12,14.18,,,7.39,
Alan,17,2023-07-25T21:45:00+00:00,203.5,83.1,0.1,23.11,14.11,,,7.35,
Alan,17,2023-07-25T22:00:00+00:00,203.3,83.9,0.1,23.08,15.65,,,7.34,
Alan,17,2023-07-25T22:15:00+00:00,231.8,84.1,0.11,23.17,15.03,,,7.34,
Alan,17,2023-07-25T22:30:00+00:00,227.2,82.1,0.11,23.13,15.09,,,7.36,
Alan,17,2023-07-25T22:45:00+00:00,261.7,83.4,0.13,23.36,14.32,,,7.33,
Alan,17,2023-07-25T23:00:00+00:00,256.8,81.9,0.13,23.43,13.95,,,7.32,
Alan,17,2023-07-25T23:15:00+00:00,293.1,85.2,0.14,23.54,13.3,,,7.35,
Alan,17,2023-07-25T23:30:00+00:00,293.8,85.7,0.14,23.67,12.9,,,7.38,
Alan,17,2023-07-25T23:45:00+00:00,301.1,85.6,0.15,23.7,12.45,,,7.39,
Alan,17,2023-07-26T00:00:00+00:00,303.3,84.2,0.15,23.79,11.7,,,7.41,
Alan,17,2023-07-26T00:15:00+00:00,318.1,86,0.15,23.93,11.95,,,7.42,
Alan,17,2023-07-26T00:30:00+00:00,327.8,84,0.16,23.99,10.93,,,7.41,
Alan,17,2023-07-26T00:45:00+00:00,332.7,76.74,0.16,24.07,11.32,,,7.43,
Alan,17,2023-07-26T01:00:00+00:00,336.5,79.59,0.16,24.12,9.6,,,7.44,
Alan,17,2023-07-26T01:15:00+00:00,348.3,80.4,0.17,24.2,10.11,,,7.45,
Alan,17,2023-07-26T01:30:00+00:00,352.7,84.3,0.17,24.24,9.82,,,7.45,
Alan,17,2023-07-26T01:45:00+00:00,355.4,78.96,0.17,24.27,9.22,,,7.46,
Alan,17,2023-07-26T02:00:00+00:00,358.1,80,0.17,24.29,8.99,,,7.46,
Alan,17,2023-07-26T02:15:00+00:00,362.9,80,0.17,24.37,9.07,,,7.46,
Alan,17,2023-07-26T02:30:00+00:00,362.7,77.13,0.17,24.33,8.85,,,7.48,
Alan,17,2023-07-26T02:45:00+00:00,365.7,75.54,0.18,24.37,8.56,,,7.47,
Alan,17,2023-07-26T03:00:00+00:00,367.8,75.02,0.18,24.37,8.44,,,7.47,
Alan,17,2023-07-26T03:15:00+00:00,371.2,72.59,0.18,24.41,8.24,,,7.47,
Alan,17,2023-07-26T03:30:00+00:00,377.1,74.69,0.18,24.4,8.33,,,7.48,
Alan,17,2023-07-26T03:45:00+00:00,378.7,70.67,0.18,24.4,8.87,,,7.47,
Alan,17,2023-07-26T04:00:00+00:00,379.3,71.97,0.18,24.4,8.15,,,7.47,
Alan,17,2023-07-26T04:15:00+00:00,380.5,67.14,0.18,24.38,7.65,,,7.46,
Alan,17,2023-07-26T04:30:00+00:00,381.5,69.08,0.18,24.42,8.61,,,7.46,
Alan,17,2023-07-26T04:45:00+00:00,387.6,65.44,0.19,24.28,8.95,,,7.46,
Alan,17,2023-07-26T05:00:00+00:00,388.4,63.72,0.19,24.39,7.49,,,7.45,
Alan,17,2023-07-26T05:15:00+00:00,388.4,66.19,0.19,24.37,7.54,,,7.46,
Alan,17,2023-07-26T05:30:00+00:00,392.4,64.64,0.19,24.42,7.42,,,7.47,
Alan,17,2023-07-26T05:45:00+00:00,391.4,63.5,0.19,24.4,7.57,,,7.47,
Alan,17,2023-07-26T06:00:00+00:00,391,63.14,0.19,24.4,7.53,,,7.46,
Alan,17,2023-07-26T06:15:00+00:00,393.7,62.01,0.19,24.36,7.47,,,7.46,
Alan,17,2023-07-26T06:30:00+00:00,391.3,60.15,0.19,24.39,7.43,,,7.45,
Alan,17,2023-07-26T06:45:00+00:00,392.2,58.01,0.19,24.34,7.36,,,7.45,
Alan,17,2023-07-26T07:00:00+00:00,390.9,61,0.19,24.34,7.85,,,7.44,
Alan,17,2023-07-26T07:15:00+00:00,393.8,61.61,0.19,24.3,7.41,,,7.44,
Alan,17,2023-07-26T07:30:00+00:00,393.6,61.93,0.19,24.32,7.79,,,7.45,
Alan,17,2023-07-26T07:45:00+00:00,392.8,60.13,0.19,24.3,7.53,,,7.45,
Alan,17,2023-07-26T08:00:00+00:00,394.5,59.37,0.19,24.3,7.3,,,7.46,
Alan,17,2023-07-26T08:15:00+00:00,394.4,60.54,0.19,24.27,7.29,,,7.47,
Alan,17,2023-07-26T08:30:00+00:00,394.9,60.11,0.19,24.25,7.29,,,7.46,
Alan,17,2023-07-26T08:45:00+00:00,392.1,58.46,0.19,24.21,7.33,,,7.44,
Alan,17,2023-07-26T09:00:00+00:00,395,57.06,0.19,24.19,7.21,,,7.43,
Alan,17,2023-07-26T09:15:00+00:00,394.6,31.74,0.19,24.17,7.38,,,7.41,
Alan,17,2023-07-26T09:30:00+00:00,394.5,35.01,0.19,24.15,7.41,,,7.39,
Alan,17,2023-07-26T09:45:00+00:00,397.8,60.37,0.19,24.13,6.94,,,7.4,
Alan,17,2023-07-26T10:00:00+00:00,392.8,50.79,0.19,24.1,7.31,,,7.39,
Alan,17,2023-07-26T10:15:00+00:00,397.4,53.3,0.19,24.08,6.9,,,7.39,
Alan,17,2023-07-26T10:30:00+00:00,397.2,52.08,0.19,24.02,7.36,,,7.39,
Alan,17,2023-07-26T10:45:00+00:00,392.4,48.3,0.19,24.04,7.43,,,7.38,
Alan,17,2023-07-26T11:00:00+00:00,390.2,47.79,0.19,24.05,7.47,,,7.35,
Alan,17,2023-07-26T11:15:00+00:00,390.9,47.76,0.19,24.07,7.39,,,7.34,
Alan,17,2023-07-26T11:30:00+00:00,390.9,47.56,0.19,24.04,7.16,,,7.34,
Alan,17,2023-07-26T11:45:00+00:00,399.4,55.07,0.19,24.02,6.75,,,7.37,
Alan,17,2023-07-26T12:00:00+00:00,398.2,56.26,0.19,23.98,6.76,,,7.39,
Alan,17,2023-07-26T12:15:00+00:00,392.9,56.94,0.19,24.12,6.86,,,7.4,
Alan,17,2023-07-26T12:30:00+00:00,398.8,57,0.19,23.97,6.69,,,7.39,
Alan,17,2023-07-26T12:45:00+00:00,399.1,57.79,0.19,23.98,6.69,,,7.41,
Alan,17,2023-07-26T13:00:00+00:00,398.4,64.83,0.19,24.02,6.66,,,7.46,
Alan,17,2023-07-26T13:15:00+00:00,394.7,66.08,0.19,24.01,6.8,,,7.47,
Alan,17,2023-07-26T13:30:00+00:00,395.2,63.21,0.19,24.04,6.65,,,7.48,
Alan,17,2023-07-26T13:45:00+00:00,393.9,65.23,0.19,24,6.34,,,7.47,
Alan,17,2023-07-26T14:00:00+00:00,392.3,70.43,0.19,24.02,6.29,,,7.5,
Alan,17,2023-07-26T14:15:00+00:00,391.6,70.3,0.19,24.13,6.26,,,7.52,
Alan,17,2023-07-26T14:30:00+00:00,391.9,70.6,0.19,24.06,6.29,,,7.54,
Alan,17,2023-07-26T14:45:00+00:00,391.1,72.53,0.19,24.03,6.23,,,7.46,
Alan,17,2023-07-26T15:00:00+00:00,391.2,75.81,0.19,24.04,6.27,,,7.5,
Alan,17,2023-07-26T15:15:00+00:00,394.7,75.81,0.19,24.13,6.23,,,7.5,
Alan,17,2023-07-26T15:30:00+00:00,390.8,79.73,0.19,24.11,6.28,,,7.56,
Alan,17,2023-07-26T15:45:00+00:00,391.3,85,0.19,24.1,6.24,,,7.58,
Alan,17,2023-07-26T16:00:00+00:00,393.1,87.5,0.19,24.14,6.39,,,7.63,
Alan,17,2023-07-26T16:15:00+00:00,391.7,86.3,0.19,24.31,6.26,,,7.64,
Alan,17,2023-07-26T16:30:00+00:00,393,88.2,0.19,24.26,6.48,,,7.66,
Alan,17,2023-07-26T16:45:00+00:00,391.4,91.3,0.19,24.35,6.98,,,7.68,
Alan,17,2023-07-26T17:00:00+00:00,391.3,101,0.19,24.28,6.5,,,7.78,
Alan,17,2023-07-26T17:15:00+00:00,391.3,97.8,0.19,24.49,6.48,,,7.8,
Alan,17,2023-07-26T17:30:00+00:00,391.6,100.1,0.19,24.45,6.53,,,7.79,
Alan,17,2023-07-26T17:45:00+00:00,393.1,102,0.19,24.51,6.7,,,7.81,
Alan,17,2023-07-26T18:00:00+00:00,394,101.1,0.19,24.61,6.61,,,7.81,
Alan,17,2023-07-26T18:15:00+00:00,395,107.6,0.19,24.58,6.8,,,7.84,
Alan,17,2023-07-26T18:30:00+00:00,396.3,113.1,0.19,24.62,6.64,,,7.89,
Alan,17,2023-07-26T18:45:00+00:00,395.7,116.1,0.19,24.72,6.54,,,7.96,
Alan,17,2023-07-26T19:00:00+00:00,397.6,114.7,0.19,24.72,6.57,,,7.93,
Alan,17,2023-07-26T19:15:00+00:00,397,109.7,0.19,24.8,6.5,,,7.87,
Alan,17,2023-07-26T19:30:00+00:00,398.5,113.1,0.19,24.87,6.59,,,7.88,
Alan,17,2023-07-26T19:45:00+00:00,398.8,120.1,0.19,24.84,6.41,,,7.94,
Alan,17,2023-07-26T20:00:00+00:00,399,118,0.19,24.94,6.45,,,7.96,
Alan,17,2023-07-26T20:15:00+00:00,399.7,121.1,0.19,24.96,6.71,,,7.96,
Alan,17,2023-07-26T20:30:00+00:00,398.8,119.5,0.19,24.99,6.49,,,7.97,
Alan,17,2023-07-26T20:45:00+00:00,398.9,116.6,0.19,25.02,6.14,,,7.94,
Alan,17,2023-07-26T21:00:00+00:00,400.2,124.4,0.19,24.93,6.22,,,7.99,
Alan,17,2023-07-26T21:15:00+00:00,400.2,122.6,0.19,24.99,6.3,,,7.95,
Alan,17,2023-07-26T21:30:00+00:00,400.6,124.9,0.19,24.95,6.21,,,7.95,
Alan,17,2023-07-26T21:45:00+00:00,400.8,117.7,0.19,25.05,6.48,,,7.91,
Alan,17,2023-07-26T22:00:00+00:00,400.1,121.9,0.19,25.07,6.24,,,7.95,
Alan,17,2023-07-26T22:15:00+00:00,401.7,120.3,0.19,25.05,6.32,,,7.92,
Alan,17,2023-07-26T22:30:00+00:00,400.7,121.1,0.19,25.1,6.38,,,7.92,
Alan,17,2023-07-26T22:45:00+00:00,400.3,121.7,0.19,25.12,6.31,,,7.94,
Alan,17,2023-07-26T23:00:00+00:00,401.2,120.8,0.19,25.13,6.33,,,7.94,
Alan,17,2023-07-26T23:15:00+00:00,401.5,119.1,0.19,25.14,6.33,,,7.92,
Alan,17,2023-07-26T23:30:00+00:00,402,114.6,0.19,25.14,12.94,,,7.89,
Alan,17,2023-07-26T23:45:00+00:00,401,117.2,0.19,25.16,6.36,,,7.89,
Alan,17,2023-07-27T00:00:00+00:00,402.2,112.9,0.19,25.16,6.38,,,7.84,
Alan,17,2023-07-27T00:15:00+00:00,401.6,117.7,0.19,25.22,6.25,,,7.83,
Alan,17,2023-07-27T00:30:00+00:00,402.8,113.6,0.19,25.2,6.24,,,7.86,
Alan,17,2023-07-27T00:45:00+00:00,402.4,117.1,0.19,25.16,6.26,,,7.85,
Alan,17,2023-07-27T01:00:00+00:00,403,118.4,0.19,25.18,6.32,,,7.85,
Alan,17,2023-07-27T01:15:00+00:00,407.2,116.8,0.19,25.17,6.31,,,7.87,
Alan,17,2023-07-27T01:30:00+00:00,408.7,118.3,0.19,25.17,6.4,,,7.87,
Alan,17,2023-07-27T01:45:00+00:00,413.7,117.8,0.2,25.18,6.7,,,7.89,
Alan,17,2023-07-27T02:00:00+00:00,415.9,118,0.2,25.18,6.49,,,7.85,
Alan,17,2023-07-27T02:15:00+00:00,418.4,117.8,0.2,25.18,6.54,,,7.84,
Alan,17,2023-07-27T02:30:00+00:00,413.9,116.9,0.2,25.22,6.44,,,7.84,
Alan,17,2023-07-27T02:45:00+00:00,424.6,117.3,0.2,25.18,6.66,,,7.84,
Alan,17,2023-07-27T03:00:00+00:00,441.2,118.1,0.21,25.23,6.74,,,7.8,
Alan,17,2023-07-27T03:15:00+00:00,442.7,115.2,0.21,25.22,6.62,,,7.77,
Alan,17,2023-07-27T03:30:00+00:00,441.4,114.5,0.21,25.21,6.72,,,7.76,
Alan,17,2023-07-27T03:45:00+00:00,440.9,113.8,0.21,25.21,6.78,,,7.76,
Alan,17,2023-07-27T04:00:00+00:00,437.9,115.6,0.21,25.2,6.74,,,7.76,
Alan,17,2023-07-27T04:15:00+00:00,437.6,115.4,0.21,25.18,6.73,,,7.76,
Alan,17,2023-07-27T04:30:00+00:00,436.3,117.1,0.21,25.19,6.66,,,7.78,
Alan,17,2023-07-27T04:45:00+00:00,440.7,113,0.21,25.16,7.03,,,7.78,
Alan,17,2023-07-27T05:00:00+00:00,434.3,115.4,0.21,25.16,6.87,,,7.76,
Alan,17,2023-07-27T05:15:00+00:00,441.9,113.4,0.21,25.17,8.35,,,7.75,
Alan,17,2023-07-27T05:30:00+00:00,435.4,116.4,0.21,25.14,7.11,,,7.74,
Alan,17,2023-07-27T05:45:00+00:00,448.7,112,0.21,25.16,7.15,,,7.72,
Alan,17,2023-07-27T06:00:00+00:00,475.1,114.7,0.23,25.19,7.7,,,7.68,
Alan,17,2023-07-27T06:15:00+00:00,504,106.7,0.24,25.24,7.22,,,7.61,
Alan,17,2023-07-27T06:30:00+00:00,619.3,79.88,0.3,25.42,11.15,,,7.48,
Alan,17,2023-07-27T06:45:00+00:00,641.7,51.09,0.31,25.42,8.63,,,7.31,
Alan,17,2023-07-27T07:00:00+00:00,610.7,63.06,0.29,25.39,8.43,,,7.3,
Alan,17,2023-07-27T07:15:00+00:00,626.4,65.61,0.3,25.41,8.14,,,7.3,
Alan,17,2023-07-27T07:30:00+00:00,646,47.72,0.31,25.43,7.75,,,7.26,
Alan,17,2023-07-27T07:45:00+00:00,619.3,51.96,0.3,25.41,7.85,,,7.26,
Alan,17,2023-07-27T08:00:00+00:00,646.3,46.87,0.31,25.4,9.39,,,7.26,
Alan,17,2023-07-27T08:15:00+00:00,651.3,38.76,0.31,25.4,7.98,,,7.26,
Alan,17,2023-07-27T08:30:00+00:00,653.7,37.65,0.31,25.39,7.88,,,7.24,
Alan,17,2023-07-27T08:45:00+00:00,654.8,33.13,0.31,25.39,7.82,,,7.24,
Alan,17,2023-07-27T09:00:00+00:00,652.5,29.52,0.31,25.38,8.07,,,7.23,
Alan,17,2023-07-27T09:15:00+00:00,638,33.08,0.31,25.35,7.43,,,7.24,
Alan,17,2023-07-27T09:30:00+00:00,621,39.4,0.3,25.29,7.29,,,7.25,
Alan,17,2023-07-27T09:45:00+00:00,614.8,34.83,0.3,25.29,7.34,,,7.26,
Alan,17,2023-07-27T10:00:00+00:00,592,38.87,0.28,25.3,7.09,,,7.27,
Alan,17,2023-07-27T10:15:00+00:00,589.6,37.74,0.28,25.15,6.94,,,7.28,
Alan,17,2023-07-27T10:30:00+00:00,569.2,46.27,0.27,25.16,6.78,,,7.3,
Alan,17,2023-07-27T10:45:00+00:00,566.5,47.29,0.27,25.09,7.04,,,7.3,
Alan,17,2023-07-27T11:00:00+00:00,558.1,44.59,0.27,25.05,6.9,,,7.31,
Alan,17,2023-07-27T11:15:00+00:00,549.3,49,0.26,25.08,7.11,,,7.32,
Alan,17,2023-07-27T11:30:00+00:00,553.8,52.79,0.27,25.14,6.77,,,7.32,
Alan,17,2023-07-27T11:45:00+00:00,545.7,52.62,0.26,25.11,7.01,,,7.32,
Alan,17,2023-07-27T12:00:00+00:00,539,52.99,0.26,25.01,6.76,,,7.33,
Alan,17,2023-07-27T12:15:00+00:00,538.1,54.46,0.26,25.1,8.65,,,7.33,
Alan,17,2023-07-27T12:30:00+00:00,546.6,52.26,0.26,25.1,7.04,,,7.31,
Alan,17,2023-07-27T12:45:00+00:00,519.2,56.27,0.25,24.95,6.64,,,7.36,
Alan,17,2023-07-27T13:00:00+00:00,511.1,59.43,0.25,24.87,6.52,,,7.38,
Alan,17,2023-07-27T13:15:00+00:00,511.2,61.43,0.25,25.05,6.5,,,7.37,
Alan,17,2023-07-27T13:30:00+00:00,516.5,62.32,0.25,25,6.33,,,7.37,
Alan,17,2023-07-27T13:45:00+00:00,532.2,60.71,0.26,25,6.62,,,7.36,
Alan,17,2023-07-27T14:00:00+00:00,518.7,64.42,0.25,25.02,6.5,,,7.35,
Alan,17,2023-07-27T14:15:00+00:00,506.1,68.28,0.24,25.06,6.49,,,7.38,
Alan,17,2023-07-27T14:30:00+00:00,499,70.81,0.24,24.89,6.54,,,7.42,
Alan,17,2023-07-27T14:45:00+00:00,502.4,70.8,0.24,25.15,6.72,,,7.4,
Alan,17,2023-07-27T15:00:00+00:00,528.6,68.73,0.25,25.09,6.73,,,7.4,
Alan,17,2023-07-27T15:15:00+00:00,520.7,76.75,0.25,25.01,6.84,,,7.41,
Alan,17,2023-07-27T15:30:00+00:00,512.6,70.51,0.25,25.13,6.85,,,7.43,
Alan,17,2023-07-27T15:45:00+00:00,493,79.77,0.24,25.04,6.7,,,7.47,
Alan,17,2023-07-27T16:00:00+00:00,511.4,84.1,0.25,25.03,7.36,,,7.45,
Alan,17,2023-07-27T16:15:00+00:00,494.1,82.2,0.24,25.2,6.78,,,7.45,
Alan,17,2023-07-27T16:30:00+00:00,497.1,74.71,0.24,25.14,5.97,,,7.46,
Alan,17,2023-07-27T16:45:00+00:00,484.6,79.65,0.23,25.27,5.96,,,7.45,
Alan,17,2023-07-27T17:00:00+00:00,481.7,82,0.23,25.41,5.99,,,7.43,
Alan,17,2023-07-27T17:15:00+00:00,513,87.7,0.24,25.29,6.46,,,7.46,
Alan,17,2023-07-27T17:30:00+00:00,481.5,91,0.23,25.34,7.16,,,7.49,
Alan,17,2023-07-27T17:45:00+00:00,485.4,99.6,0.23,25.36,6.04,,,7.51,
Alan,17,2023-07-27T18:00:00+00:00,481.2,98.3,0.23,25.44,6.33,,,7.5,
Alan,17,2023-07-27T18:15:00+00:00,497.4,104.7,0.24,25.39,6.39,,,7.54,
Alan,17,2023-07-27T18:30:00+00:00,481.9,105.7,0.23,25.37,6.14,,,7.55,
Alan,17,2023-07-27T18:45:00+00:00,490.3,108.6,0.23,25.38,6.43,,,7.57,
Alan,17,2023-07-27T19:00:00+00:00,482,108,0.23,25.54,6.36,,,7.55,
Alan,17,2023-07-27T19:15:00+00:00,477.6,107.6,0.23,25.59,6.4,,,7.6,
Alan,17,2023-07-27T19:30:00+00:00,474,114.1,0.22,25.64,6.53,,,7.63,
Alan,17,2023-07-27T19:45:00+00:00,482.7,115.9,0.23,25.62,6.41,,,7.63,
Alan,17,2023-07-27T20:00:00+00:00,478.4,109.2,0.23,25.58,6.48,,,7.6,
Alan,17,2023-07-27T20:15:00+00:00,467.5,122.1,0.22,25.71,6.38,,,7.65,
Alan,17,2023-07-27T20:30:00+00:00,464.1,113.3,0.22,25.77,6.31,,,7.65,
Alan,17,2023-07-27T20:45:00+00:00,485.4,122.8,0.23,25.54,6.44,,,7.63,
Alan,17,2023-07-27T21:00:00+00:00,471.5,116.4,0.22,25.75,9.54,,,7.66,
Alan,17,2023-07-27T21:15:00+00:00,475,115.8,0.22,25.72,6.41,,,7.65,
Alan,17,2023-07-27T21:30:00+00:00,469.5,117.3,0.22,25.81,6.55,,,7.65,
Alan,17,2023-07-27T21:45:00+00:00,472,121.6,0.22,25.76,6.32,,,7.7,
Alan,17,2023-07-27T22:00:00+00:00,475,120.4,0.22,25.68,8.22,,,7.69,
Alan,17,2023-07-27T22:15:00+00:00,463.8,124.3,0.22,25.81,6.66,,,7.68,
Alan,17,2023-07-27T22:30:00+00:00,469.8,119.1,0.22,25.76,7.1,,,7.64,
Alan,17,2023-07-27T22:45:00+00:00,471.6,115.9,0.22,25.78,6.73,,,7.61,
Alan,17,2023-07-27T23:00:00+00:00,471.1,118.6,0.22,25.81,6.48,,,7.65,
Alan,17,2023-07-27T23:15:00+00:00,472.4,115.7,0.22,25.82,6.77,,,7.64,
Alan,17,2023-07-27T23:30:00+00:00,470.5,118.7,0.22,25.82,6.44,,,7.64,
Alan,17,2023-07-27T23:45:00+00:00,471,118,0.22,25.79,6.64,,,7.62,
Alan,17,2023-07-28T00:00:00+00:00,472.4,114,0.22,25.79,6.5,,,7.61,
Alan,17,2023-07-28T00:15:00+00:00,474.2,117.2,0.22,25.77,6.53,,,7.64,
Alan,17,2023-07-28T00:30:00+00:00,474.8,116.3,0.22,25.78,13.2,,,7.65,
Alan,17,2023-07-28T00:45:00+00:00,483,124.6,0.23,25.79,6.63,,,7.65,
Alan,17,2023-07-28T01:00:00+00:00,512.5,129.4,0.24,25.65,6.75,,,7.62,
Alan,17,2023-07-28T01:15:00+00:00,510,129.6,0.24,25.81,6.33,,,7.66,
Alan,17,2023-07-28T01:30:00+00:00,517.1,140,0.24,25.78,6.55,,,7.67,
Alan,17,2023-07-28T01:45:00+00:00,535.1,131.7,0.25,25.87,6.92,,,7.63,
Alan,17,2023-07-28T02:00:00+00:00,522.5,132.8,0.25,25.8,6.53,,,7.64,
Alan,17,2023-07-28T02:15:00+00:00,552.2,124.8,0.26,25.88,6.68,,,7.59,
Alan,17,2023-07-28T02:30:00+00:00,562.5,131.6,0.27,25.85,6.54,,,7.59,
Alan,17,2023-07-28T02:45:00+00:00,587.2,126.6,0.28,25.89,7.12,,,7.55,
Alan,17,2023-07-28T03:00:00+00:00,597.6,125,0.28,25.89,7.31,,,7.52,
Alan,17,2023-07-28T03:15:00+00:00,592.1,127,0.28,25.89,6.67,,,7.51,
Alan,17,2023-07-28T03:30:00+00:00,565.2,149.6,0.27,25.83,6.5,,,7.57,
Alan,17,2023-07-28T03:45:00+00:00,504.4,140.9,0.24,25.71,7.16,,,7.67,
Alan,17,2023-07-28T04:00:00+00:00,514.1,137.4,0.24,25.7,7.1,,,7.7,
Alan,17,2023-07-28T04:15:00+00:00,525.2,136.8,0.25,25.72,7.1,,,7.69,
Alan,17,2023-07-28T04:30:00+00:00,526.3,133.9,0.25,25.73,6.47,,,7.68,
Alan,17,2023-07-28T04:45:00+00:00,542.4,134.7,0.26,25.75,6.55,,,7.64,
Alan,17,2023-07-28T05:00:00+00:00,576.3,127.5,0.27,25.8,6.82,,,7.6,
Alan,17,2023-07-28T05:15:00+00:00,600.7,115.9,0.29,25.83,6.88,,,7.5,
Alan,17,2023-07-28T05:30:00+00:00,620.3,110.6,0.29,25.87,7.73,,,7.45,
Alan,17,2023-07-28T05:45:00+00:00,651.8,93.6,0.31,25.9,9.93,,,7.37,
Alan,17,2023-07-28T06:00:00+00:00,687.9,84.6,0.33,25.99,7.92,,,7.33,
Alan,17,2023-07-28T06:15:00+00:00,721.8,57.74,0.34,26.03,7.69,,,7.24,
Alan,17,2023-07-28T06:30:00+00:00,720.2,58.86,0.34,26.03,7.84,,,7.21,
Alan,17,2023-07-28T06:45:00+00:00,729.6,54.26,0.35,26.06,7.94,,,7.21,
Alan,17,2023-07-28T07:00:00+00:00,725.7,48.93,0.35,26.03,7.88,,,7.2,
Alan,17,2023-07-28T07:15:00+00:00,729.5,44.12,0.35,26.02,8.06,,,7.2,
Alan,17,2023-07-28T07:30:00+00:00,717.1,39.47,0.34,26.03,7.77,,,7.19,
Alan,17,2023-07-28T07:45:00+00:00,742.8,35.72,0.35,26.01,7.91,,,7.18,
Alan,17,2023-07-28T08:00:00+00:00,736.8,37.36,0.35,25.99,7.7,,,7.18,
Alan,17,2023-07-28T08:15:00+00:00,729.7,43.04,0.35,25.97,7.81,,,7.2,
Alan,17,2023-07-28T08:30:00+00:00,728.5,44.87,0.35,25.96,7.5,,,7.2,
Alan,17,2023-07-28T08:45:00+00:00,726.8,32.71,0.35,25.92,7.8,,,7.19,
Alan,17,2023-07-28T09:00:00+00:00,717.4,32.74,0.34,25.92,7.88,,,7.19,
Alan,17,2023-07-28T09:15:00+00:00,706,27.41,0.34,25.86,7.43,,,7.18,
Alan,17,2023-07-28T09:30:00+00:00,725.4,37.77,0.35,25.88,7.24,,,7.2,
Alan,17,2023-07-28T09:45:00+00:00,720.9,29.56,0.34,25.88,7.29,,,7.19,
Alan,17,2023-07-28T10:00:00+00:00,676.2,42.34,0.32,25.78,7.2,,,7.23,
Alan,17,2023-07-28T10:15:00+00:00,660.3,40.56,0.31,25.73,7.19,,,7.23,
Alan,17,2023-07-28T10:30:00+00:00,651.1,47.51,0.31,25.7,6.98,,,7.24,
Alan,17,2023-07-28T10:45:00+00:00,652.9,44.66,0.31,25.68,11.51,,,7.23,
Alan,17,2023-07-28T11:00:00+00:00,652.9,40.92,0.31,25.7,8.26,,,7.23,
Alan,17,2023-07-28T11:15:00+00:00,653.5,35.31,0.31,25.68,6.54,,,7.22,
Alan,17,2023-07-28T11:30:00+00:00,624.9,43.71,0.3,25.63,6.47,,,7.26,
Alan,17,2023-07-28T11:45:00+00:00,623.8,39.72,0.3,25.61,6.57,,,7.25,
Alan,17,2023-07-28T12:00:00+00:00,637.4,43.18,0.3,25.55,7.55,,,7.26,
Alan,17,2023-07-28T12:15:00+00:00,609.5,46.5,0.29,25.57,7.67,,,7.29,
Alan,17,2023-07-28T12:30:00+00:00,613.3,45.83,0.29,25.51,7.4,,,7.29,
Alan,17,2023-07-28T12:45:00+00:00,566.7,46.57,0.27,25.6,6.2,,,7.3,
Alan,17,2023-07-28T13:00:00+00:00,598.1,42.93,0.29,25.59,6.49,,,7.29,
Alan,17,2023-07-28T13:15:00+00:00,634.8,46.77,0.3,25.53,7.53,,,7.27,
Alan,17,2023-07-28T13:30:00+00:00,580.5,48.37,0.28,25.44,7.09,,,7.29,
Alan,17,2023-07-28T13:45:00+00:00,605,53.61,0.29,25.53,7.17,,,7.3,
Alan,17,2023-07-28T14:00:00+00:00,565.1,57.48,0.27,25.54,7.04,,,7.3,
Alan,17,2023-07-28T14:15:00+00:00,537.3,57.28,0.26,25.47,7.08,,,7.34,
Alan,17,2023-07-28T14:30:00+00:00,537,61.67,0.26,25.45,6.49,,,7.4,
Alan,17,2023-07-28T14:45:00+00:00,542,66.08,0.26,25.49,6.07,,,7.39,
Alan,17,2023-07-28T15:00:00+00:00,515.5,75.39,0.25,25.5,6.09,,,7.46,
Alan,17,2023-07-28T15:15:00+00:00,546.7,69.51,0.26,25.66,6.32,,,7.45,
Alan,17,2023-07-28T15:30:00+00:00,552.4,75.42,0.26,25.7,6.25,,,7.48,
Alan,17,2023-07-28T15:45:00+00:00,548.5,77.64,0.26,25.6,6.39,,,7.44,
Alan,17,2023-07-28T16:00:00+00:00,523.4,89.2,0.25,25.74,6.67,,,7.49,
Alan,17,2023-07-28T16:15:00+00:00,518.9,90.4,0.25,25.6,6.17,,,7.55,
Alan,17,2023-07-28T16:30:00+00:00,530.3,97.2,0.25,25.62,6.29,,,7.57,
Alan,17,2023-07-28T16:45:00+00:00,531.4,100.5,0.25,25.75,6.48,,,7.6,
Alan,17,2023-07-28T17:00:00+00:00,539.4,92.9,0.25,25.87,6.53,,,7.55,
Alan,17,2023-07-28T17:15:00+00:00,532.8,100.4,0.25,25.84,6.38,,,7.59,
Alan,17,2023-07-28T17:30:00+00:00,516.9,113.4,0.24,25.9,8.48,,,7.69,
Alan,17,2023-07-28T17:45:00+00:00,512.5,114.2,0.24,25.93,6.6,,,7.66,
Alan,17,2023-07-28T18:00:00+00:00,529.4,112.2,0.25,26.1,6.63,,,7.65,
Alan,17,2023-07-28T18:15:00+00:00,503,126.1,0.24,25.96,6.46,,,7.77,
Alan,17,2023-07-28T18:30:00+00:00,560,127.4,0.26,26.19,6.49,,,7.81,
Alan,17,2023-07-28T18:45:00+00:00,518.9,138.9,0.24,26.05,6.29,,,7.87,
Alan,17,2023-07-28T19:00:00+00:00,550.6,133,0.26,26.25,7.62,,,7.88,
Alan,17,2023-07-28T19:15:00+00:00,510.5,141.8,0.24,26.07,6.22,,,7.86,
Alan,17,2023-07-28T19:30:00+00:00,507.6,139.5,0.24,26.26,6.24,,,7.91,
Alan,17,2023-07-28T19:45:00+00:00,513.5,142.2,0.24,26.23,5.78,,,7.99,
Alan,17,2023-07-28T20:00:00+00:00,531.6,145.9,0.25,26.28,7.15,,,7.9,
Alan,17,2023-07-28T20:15:00+00:00,522.8,137.1,0.24,26.38,6.34,,,7.86,
Alan,17,2023-07-28T20:30:00+00:00,554.1,127.2,0.26,26.33,6.33,,,7.71,
Alan,17,2023-07-28T20:45:00+00:00,566.8,142.7,0.27,26.23,6.8,,,7.77,
Alan,17,2023-07-28T21:00:00+00:00,522.6,144.6,0.24,26.28,6.26,,,7.78,
Alan,17,2023-07-28T21:15:00+00:00,532.1,137.7,0.25,26.37,6.56,,,7.81,
Alan,17,2023-07-28T21:30:00+00:00,526.4,140.4,0.25,26.4,6.43,,,7.82,
Alan,17,2023-07-28T21:45:00+00:00,538.4,137.2,0.25,26.38,7.46,,,7.74,
Alan,17,2023-07-28T22:00:00+00:00,510.3,139.3,0.24,26.43,6.48,,,7.79,
Alan,17,2023-07-28T22:15:00+00:00,524.1,141.3,0.24,26.42,6.43,,,7.83,
Alan,17,2023-07-28T22:30:00+00:00,525.9,142,0.25,26.36,6.89,,,7.83,
Alan,17,2023-07-28T22:45:00+00:00,527.4,143.1,0.25,26.41,6.57,,,7.82,
Alan,17,2023-07-28T23:00:00+00:00,525.4,140.8,0.25,26.43,6.5,,,7.81,
Alan,17,2023-07-28T23:15:00+00:00,520.2,135.8,0.24,26.46,6.63,,,7.79,
Alan,17,2023-07-28T23:30:00+00:00,521.6,138.7,0.24,26.44,6.6,,,7.78,
Alan,17,2023-07-28T23:45:00+00:00,519.7,135.1,0.24,26.49,6.44,,,7.79,
Alan,17,2023-07-29T00:00:00+00:00,521.4,134.3,0.24,26.47,6.53,,,7.77,
Alan,17,2023-07-29T00:15:00+00:00,521.3,135.6,0.24,26.47,6.61,,,7.79,
Alan,17,2023-07-29T00:30:00+00:00,522.3,132.3,0.24,26.47,6.73,,,7.78,
Alan,17,2023-07-29T00:45:00+00:00,524.1,118.5,0.24,26.46,6.86,,,7.76,
Alan,17,2023-07-29T01:00:00+00:00,527.3,125.8,0.25,26.46,6.76,,,7.72,
Alan,17,2023-07-29T01:15:00+00:00,526.3,125.1,0.25,26.45,6.76,-7805.966667,,7.72,
Alan,17,2023-07-29T01:30:00+00:00,525.1,106.3,0.24,21.34,6.9,,,7.71,
Alan,17,2023-07-29T01:45:00+00:00,525.2,113.7,0.24,26.45,3.7,-7805.966667,-7805.966667,7.72,
Alan,17,2023-07-29T02:00:00+00:00,524.8,111.8,0.24,21.31,6.358,,,7.68,
Alan,17,2023-07-29T02:15:00+00:00,522.2,121.3,0.24,21.31,6.82,,,7.198,
Alan,17,2023-07-29T02:30:00+00:00,524,129.4,0.24,26.42,6.428,-7805.966667,,7.75,
Alan,17,2023-07-29T02:45:00+00:00,528,139.2,0.25,26.41,7.07,,,7.268,
Alan,17,2023-07-29T03:00:00+00:00,530,135.9,0.25,26.42,6.578,-7805.966667,,7.76,
Alan,17,2023-07-29T03:15:00+00:00,531.4,132.3,0.25,21.3,7.31,-7805.966667,,7.73,
Alan,17,2023-07-29T03:30:00+00:00,534.5,129.9,0.25,21.28,6.488,-7805.966667,,7.198,
Alan,17,2023-07-29T03:45:00+00:00,554.4,131.4,0.26,21.31,7.36,,,7.208,
Alan,17,2023-07-29T04:00:00+00:00,559.3,124.4,0.26,21.3,7.48,,,7.67,
Alan,17,2023-07-29T04:15:00+00:00,553.4,133.3,0.26,21.28,7.18,,,7.66,
Alan,17,2023-07-29T04:30:00+00:00,533.8,133.8,0.25,21.24,7.08,-7805.966667,-7805.966667,7.188,
Alan,17,2023-07-29T04:45:00+00:00,537.3,140,0.25,26.35,7.12,,,7.74,
Alan,17,2023-07-29T05:00:00+00:00,547.7,143.3,0.26,26.34,7.3,,,7.75,
Alan,17,2023-07-29T05:15:00+00:00,558.7,142.2,0.26,26.37,8.61,,,7.71,
Alan,17,2023-07-29T05:30:00+00:00,582.8,136.8,0.27,26.39,7.3,,,7.66,
Alan,17,2023-07-29T05:45:00+00:00,638.5,118.5,0.3,26.48,8.22,,,7.55,
Alan,17,2023-07-29T06:00:00+00:00,677.9,83.4,0.32,26.54,8.61,,,7.43,
Alan,17,2023-07-29T06:15:00+00:00,714.3,63.17,0.34,26.61,8.93,,,7.32,
Alan,17,2023-07-29T06:30:00+00:00,716.1,61.81,0.34,26.57,9.02,,,7.27,
Alan,17,2023-07-29T06:45:00+00:00,721.9,63.04,0.34,26.58,8.94,,,7.24,
Alan,17,2023-07-29T07:00:00+00:00,749.5,57.45,0.35,26.5,9.97,,,7.18,
Alan,17,2023-07-29T07:15:00+00:00,750.8,61.2,0.35,26.61,8.82,,,7.26,
Alan,17,2023-07-29T07:30:00+00:00,757.6,22.59,0.36,26.66,8.96,,,7.2,
Alan,17,2023-07-29T07:45:00+00:00,750.5,18.84,0.35,26.63,9.4,,,7.19,
Alan,17,2023-07-29T08:00:00+00:00,775.4,21.88,0.36,26.66,17.86,,,7.18,
Alan,17,2023-07-29T08:15:00+00:00,780.1,15.95,0.37,26.68,9.43,,,7.16,
Alan,17,2023-07-29T08:30:00+00:00,791,11.45,0.37,26.66,9.24,,,7.14,
Alan,17,2023-07-29T08:45:00+00:00,779.4,21.88,0.37,26.58,10.05,,,7.15,
Alan,17,2023-07-29T09:00:00+00:00,766.7,25.44,0.36,26.6,9.59,,,7.14,
Alan,17,2023-07-29T09:15:00+00:00,764.1,37.62,0.36,26.56,10.15,,,7.17,
Alan,17,2023-07-29T09:30:00+00:00,747.4,33.27,0.35,26.56,10.5,,,7.17,
Alan,17,2023-07-29T09:45:00+00:00,734.3,30.07,0.35,26.5,9.18,,,7.19,
Alan,17,2023-07-29T10:00:00+00:00,725.9,44.36,0.34,26.5,8.54,,,7.2,
Alan,17,2023-07-29T10:15:00+00:00,734.4,38.76,0.35,26.5,10.03,,,7.18,
Alan,17,2023-07-29T10:30:00+00:00,700.3,27.51,0.33,26.43,10.48,,,7.18,
Alan,17,2023-07-29T10:45:00+00:00,711,28.38,0.34,26.39,8.14,,,7.18,
Alan,17,2023-07-29T11:00:00+00:00,691.1,32.19,0.33,26.37,8.21,,,7.19,
Alan,17,2023-07-29T11:15:00+00:00,712.6,38.95,0.34,26.36,7.99,,,7.2,
Alan,17,2023-07-29T11:30:00+00:00,692.9,40.17,0.33,26.34,8.99,,,7.21,
Alan,17,2023-07-29T11:45:00+00:00,684.5,32.95,0.32,26.21,9.3,,,7.23,
Alan,17,2023-07-29T12:00:00+00:00,682.4,42.15,0.32,26.26,7.62,,,7.22,
Alan,17,2023-07-29T12:15:00+00:00,680.4,42.14,0.32,26.25,8.57,,,7.24,
Alan,17,2023-07-29T12:30:00+00:00,659.1,42.92,0.31,26.27,7.81,,,7.25,
Alan,17,2023-07-29T12:45:00+00:00,651.6,42.62,0.31,26.25,7.11,,,7.26,
Alan,17,2023-07-29T13:00:00+00:00,643,44.48,0.3,26.22,6.48,,,7.27,
Alan,17,2023-07-29T13:15:00+00:00,628.9,48.04,0.3,26.29,6.91,,,7.27,
Alan,17,2023-07-29T13:30:00+00:00,615.1,46.99,0.29,26.27,7.51,,,7.28,
Alan,17,2023-07-29T13:45:00+00:00,627.6,43.61,0.3,26.22,7.15,,,7.27,
Alan,17,2023-07-29T14:00:00+00:00,624.2,52.41,0.29,26.29,8.11,,,7.28,
Alan,17,2023-07-29T14:15:00+00:00,604.3,50.03,0.28,26.29,10.48,,,7.29,
Alan,17,2023-07-29T14:30:00+00:00,604,61.6,0.28,26.21,6.17,,,7.31,
Alan,17,2023-07-29T14:45:00+00:00,596,60.7,0.28,26.31,6.38,,,7.32,
Alan,17,2023-07-29T15:00:00+00:00,623.5,60.01,0.29,26.39,6.77,,,7.3,
Alan,17,2023-07-29T15:15:00+00:00,587.7,65.5,0.28,26.22,10.3,,,7.37,
Alan,17,2023-07-29T15:30:00+00:00,579.3,64.03,0.27,26.23,5.84,,,7.37,
Alan,17,2023-07-29T15:45:00+00:00,579.2,71.07,0.27,26.35,6.11,,,7.38,
Alan,17,2023-07-29T16:00:00+00:00,587.1,73.01,0.28,26.23,6.44,,,7.4,
Alan,17,2023-07-29T16:15:00+00:00,582.8,82.7,0.27,26.34,6.26,,,7.43,
Alan,17,2023-07-29T16:30:00+00:00,576.7,81.6,0.27,26.36,6.32,,,7.43,
Alan,17,2023-07-29T16:45:00+00:00,563.1,93.7,0.26,26.43,6.6,,,7.51,
Alan,17,2023-07-29T17:00:00+00:00,570.7,99.8,0.27,26.45,6.56,,,7.52,
Alan,17,2023-07-29T17:15:00+00:00,568.2,97.8,0.27,26.41,6.36,,,7.53,
Alan,17,2023-07-29T17:30:00+00:00,559.9,109.9,0.26,26.47,6.09,,,7.58,
Alan,17,2023-07-29T17:45:00+00:00,570,111.1,0.27,26.57,6.31,,,7.59,
Alan,17,2023-07-29T18:00:00+00:00,553.9,110.6,0.26,26.64,6.38,,,7.62,
Alan,17,2023-07-29T18:15:00+00:00,582,118.3,0.27,26.54,6.85,,,7.61,
Alan,17,2023-07-29T18:30:00+00:00,558.3,119.8,0.26,26.61,6.72,,,7.65,
Alan,17,2023-07-29T18:45:00+00:00,564.8,120.3,0.26,26.61,6.83,,,7.66,
Alan,17,2023-07-29T19:00:00+00:00,581.6,120,0.27,26.74,6.76,,,7.63,
Alan,17,2023-07-29T19:15:00+00:00,587.2,121.2,0.27,26.67,7.05,,,7.63,
Alan,17,2023-07-29T19:30:00+00:00,559,115.4,0.26,26.83,6.9,,,7.63,
Alan,17,2023-07-29T19:45:00+00:00,574.6,123.7,0.27,26.73,6.29,,,7.64,
Alan,17,2023-07-29T20:00:00+00:00,558.5,123.3,0.26,26.81,6.09,,,7.68,
Alan,17,2023-07-29T20:15:00+00:00,562.2,123.3,0.26,26.78,6.51,,,7.63,
Alan,17,2023-07-29T20:30:00+00:00,564.3,119.8,0.26,26.81,6.47,,,7.63,
Alan,17,2023-07-29T20:45:00+00:00,566.5,125.1,0.26,26.85,6.7,,,7.63,
Alan,17,2023-07-29T21:00:00+00:00,565.4,123.6,0.26,26.91,6.49,,,7.63,
Alan,17,2023-07-29T21:15:00+00:00,565.7,120.4,0.26,26.92,7.07,,,7.6,
Alan,17,2023-07-29T21:30:00+00:00,571.6,124.4,0.26,26.9,7.35,,,7.62,
Alan,17,2023-07-29T21:45:00+00:00,566.7,127.6,0.26,26.9,7,,,7.65,
Alan,17,2023-07-29T22:00:00+00:00,559.9,132.4,0.26,26.86,6.84,,,7.68,
Alan,17,2023-07-29T22:15:00+00:00,558.9,119.4,0.26,27.02,8.25,,,7.66,
Alan,17,2023-07-29T22:30:00+00:00,555.9,128.3,0.26,26.95,7.48,,,7.66,
Alan,17,2023-07-29T22:45:00+00:00,555.6,122.7,0.26,27.07,6.09,,,7.65,
