measurement,deployment_id,timestamp,sensors__Cond,sensors__DOpct,sensors__Sal,sensors__Temp,sensors__Turb,sensors__pH,time
Ada,16,2024-06-10T15:45:00+00:00,510.9,125.0,0.26,21.85,16.72,8.12,0
Ada,16,2024-06-10T16:00:00+00:00,513.4,127.1,0.26,21.9,32.32,8.16,1
Ada,16,2024-06-10T16:15:00+00:00,510.6,123.7,0.26,21.85,12.49,8.19,2
Ada,16,2024-06-10T16:30:00+00:00,515.6,127.8,0.27,21.9,20.04,8.2,3
Ada,16,2024-06-10T16:45:00+00:00,514.3,131.8,0.26,21.99,13.9,8.23,4
Ada,16,2024-06-10T17:00:00+00:00,512.8,131.0,0.26,21.98,21.32,8.24,5
Ada,16,2024-06-10T17:15:00+00:00,515.4,139.6,0.26,22.07,12.36,8.35,6
Ada,16,2024-06-10T17:30:00+00:00,515.3,139.2,0.26,22.13,13.6,8.38,7
Ada,16,2024-06-10T17:45:00+00:00,520.8,141.1,0.27,22.16,12.77,8.41,8
Ada,16,2024-06-10T18:00:00+00:00,519.9,149.6,0.27,22.21,12.58,8.53,9
Ada,16,2024-06-10T18:15:00+00:00,510.3,148.1,0.26,22.12,35.69,8.55,10
Ada,16,2024-06-10T18:30:00+00:00,517.3,148.6,0.26,22.25,81.2,8.58,11
Ada,16,2024-06-10T18:45:00+00:00,517.7,149.6,0.26,22.3,12.33,8.62,12
Ada,16,2024-06-10T19:00:00+00:00,517.0,153.6,0.26,22.31,42.96,8.66,13
Ada,16,2024-06-10T19:15:00+00:00,520.0,163.4,0.26,22.52,16.61,8.73,14
Ada,16,2024-06-10T19:30:00+00:00,518.3,158.9,0.26,22.36,13.51,8.73,15
Ada,16,2024-06-10T19:45:00+00:00,516.3,157.6,0.26,22.36,13.54,8.73,16
Ada,16,2024-06-10T20:00:00+00:00,519.1,160.8,0.26,22.42,31.8,8.76,17
Ada,16,2024-06-10T20:15:00+00:00,520.1,165.9,0.26,22.4,18.33,8.76,18
Ada,16,2024-06-10T20:30:00+00:00,516.7,164.8,0.26,22.41,22.55,8.79,19
Ada,16,2024-06-10T20:45:00+00:00,522.2,166.7,0.27,22.47,13.01,8.79,20
Ada,16,2024-06-10T21:00:00+00:00,522.2,169.9,0.27,22.49,13.06,8.79,21
Ada,16,2024-06-10T21:15:00+00:00,521.3,170.1,0.26,22.51,28.84,8.81,22
Ada,16,2024-06-10T21:30:00+00:00,519.3,171.5,0.26,22.53,18.98,8.84,23
Ada,16,2024-06-10T21:45:00+00:00,527.9,175.7,0.27,22.55,21.76,8.81,24
Ada,16,2024-06-10T22:00:00+00:00,523.3,173.4,0.27,22.53,18.17,8.82,25
Ada,16,2024-06-10T22:15:00+00:00,525.7,174.5,0.27,22.64,14.45,8.83,26
Ada,16,2024-06-10T22:30:00+00:00,521.0,173.4,0.26,22.68,13.17,8.84,27
Ada,16,2024-06-10T22:45:00+00:00,526.7,175.0,0.27,22.55,13.26,8.85,28
Ada,16,2024-06-10T23:00:00+00:00,511.8,172.2,0.26,22.52,15.47,8.85,29
Ada,16,2024-06-10T23:15:00+00:00,516.6,173.9,0.26,22.57,25.79,8.86,30
Ada,16,2024-06-10T23:30:00+00:00,522.0,175.9,0.26,22.57,18.05,8.85,31
Ada,16,2024-06-10T23:45:00+00:00,520.2,176.0,0.26,22.71,12.56,8.87,32
Ada,16,2024-06-11T00:00:00+00:00,520.7,174.8,0.26,22.57,14.96,8.85,33
Ada,16,2024-06-11T00:15:00+00:00,521.6,175.3,0.26,22.61,32.32,8.84,34
Ada,16,2024-06-11T00:30:00+00:00,522.8,171.1,0.26,22.58,42.11,8.83,35
Ada,16,2024-06-11T00:45:00+00:00,526.6,172.0,0.27,22.61,21.34,8.77,36
Ada,16,2024-06-11T01:00:00+00:00,525.0,167.8,0.27,22.68,22.77,8.75,37
Ada,16,2024-06-11T01:15:00+00:00,524.3,171.3,0.27,22.59,11.39,8.74,38
Ada,16,2024-06-11T01:30:00+00:00,518.6,168.8,0.26,22.47,12.32,8.77,39
Ada,16,2024-06-11T01:45:00+00:00,524.2,170.1,0.27,22.57,11.62,8.76,40
Ada,16,2024-06-11T02:00:00+00:00,522.3,169.2,0.26,22.64,11.65,8.75,41
Ada,16,2024-06-11T02:15:00+00:00,521.9,162.5,0.26,22.51,11.56,8.75,42
Ada,16,2024-06-11T02:30:00+00:00,523.5,166.0,0.27,22.49,1393.0,8.69,43
Ada,16,2024-06-11T02:45:00+00:00,522.1,161.9,0.26,22.51,26.41,8.68,44
Ada,16,2024-06-11T03:00:00+00:00,520.5,155.4,0.26,22.52,13.75,8.66,45
Ada,16,2024-06-11T03:15:00+00:00,523.7,157.6,0.27,22.52,11.71,8.69,46
Ada,16,2024-06-11T03:30:00+00:00,522.5,159.8,0.26,22.54,17.19,8.69,47
Ada,16,2024-06-11T03:45:00+00:00,523.4,159.1,0.27,22.53,11.69,8.66,48
Ada,16,2024-06-11T04:00:00+00:00,526.9,156.9,0.27,22.55,11.74,8.64,49
Ada,16,2024-06-11T04:15:00+00:00,522.9,158.0,0.27,22.49,11.7,8.63,50
Ada,16,2024-06-11T04:30:00+00:00,523.9,161.5,0.27,22.52,12.09,8.65,51
Ada,16,2024-06-11T04:45:00+00:00,523.1,161.8,0.27,22.5,11.78,8.64,52
Ada,16,2024-06-11T05:00:00+00:00,524.4,159.1,0.27,22.56,14.86,8.6,53
Ada,16,2024-06-11T05:15:00+00:00,524.0,159.8,0.27,22.47,11.92,8.62,54
Ada,16,2024-06-11T05:30:00+00:00,526.5,157.6,0.27,22.47,12.33,8.58,55
Ada,16,2024-06-11T05:45:00+00:00,523.3,155.5,0.27,22.46,11.78,8.56,56
Ada,16,2024-06-11T06:00:00+00:00,525.1,156.9,0.27,22.46,11.86,8.57,57
Ada,16,2024-06-11T06:15:00+00:00,523.6,158.0,0.27,22.49,12.3,8.58,58
Ada,16,2024-06-11T06:30:00+00:00,523.0,157.3,0.27,22.5,12.09,8.61,59
Ada,16,2024-06-11T06:45:00+00:00,523.0,155.6,0.27,22.46,11.98,8.57,60
Ada,16,2024-06-11T07:00:00+00:00,524.9,155.5,0.27,22.46,12.1,8.61,61
Ada,16,2024-06-11T07:15:00+00:00,529.5,144.7,0.27,22.51,12.29,8.59,62
Ada,16,2024-06-11T07:30:00+00:00,529.9,146.7,0.27,22.51,12.2,8.56,63
Ada,16,2024-06-11T07:45:00+00:00,529.6,141.5,0.27,22.47,12.91,8.57,64
Ada,16,2024-06-11T08:00:00+00:00,527.1,130.0,0.27,22.41,12.39,8.38,65
Ada,16,2024-06-11T08:15:00+00:00,528.7,131.3,0.27,22.38,12.26,8.42,66
Ada,16,2024-06-11T08:30:00+00:00,527.7,129.0,0.27,22.33,12.1,8.42,67
Ada,16,2024-06-11T08:45:00+00:00,528.5,132.0,0.27,22.29,13.68,8.46,68
Ada,16,2024-06-11T09:00:00+00:00,527.2,125.0,0.27,22.24,12.3,8.39,69
Ada,16,2024-06-11T09:15:00+00:00,526.3,126.1,0.27,22.19,13.1,8.32,70
Ada,16,2024-06-11T09:30:00+00:00,527.1,128.9,0.27,22.15,13.03,8.31,71
Ada,16,2024-06-11T09:45:00+00:00,524.1,126.3,0.27,22.1,12.37,8.28,72
Ada,16,2024-06-11T10:00:00+00:00,525.7,124.8,0.27,22.07,12.71,8.28,73
Ada,16,2024-06-11T10:15:00+00:00,525.9,127.1,0.27,22.02,23.08,8.27,74
Ada,16,2024-06-11T10:30:00+00:00,526.7,127.3,0.27,21.98,22.15,8.3,75
Ada,16,2024-06-11T10:45:00+00:00,525.8,119.2,0.27,21.93,21.55,8.23,76
Ada,16,2024-06-11T11:00:00+00:00,525.9,123.2,0.27,21.9,21.04,8.16,77
Ada,16,2024-06-11T11:15:00+00:00,525.1,116.0,0.27,21.85,20.85,8.11,78
Ada,16,2024-06-11T11:30:00+00:00,524.5,118.3,0.27,21.82,20.7,8.09,79
Ada,16,2024-06-11T11:45:00+00:00,525.2,120.6,0.27,21.79,20.55,8.0,80
Ada,16,2024-06-11T12:00:00+00:00,524.4,120.9,0.27,21.74,19.69,8.06,81
Ada,16,2024-06-11T12:15:00+00:00,524.0,118.9,0.27,21.72,19.39,8.11,82
Ada,16,2024-06-11T12:30:00+00:00,522.5,120.9,0.27,21.69,17.09,8.14,83
Ada,16,2024-06-11T12:45:00+00:00,525.4,123.5,0.27,21.68,17.56,8.15,84
Ada,16,2024-06-11T13:00:00+00:00,525.0,123.8,0.27,21.68,18.65,8.19,85
Ada,16,2024-06-11T13:15:00+00:00,523.9,123.3,0.27,21.7,14.35,8.19,86
Ada,16,2024-06-11T13:30:00+00:00,527.0,126.8,0.27,21.72,14.21,8.21,87
Ada,16,2024-06-11T13:45:00+00:00,529.5,131.2,0.27,21.77,14.49,8.25,88
Ada,16,2024-06-11T14:00:00+00:00,531.7,132.9,0.27,21.84,16.59,8.28,89
Ada,16,2024-06-11T14:15:00+00:00,526.3,117.9,0.27,21.73,14.1,8.17,90
Ada,16,2024-06-11T14:30:00+00:00,523.8,115.6,0.27,21.72,13.98,8.04,91
Ada,16,2024-06-11T14:45:00+00:00,528.6,122.6,0.27,21.72,14.25,8.09,92
Ada,16,2024-06-11T15:00:00+00:00,527.9,139.0,0.27,21.71,14.0,8.32,93
Ada,16,2024-06-11T15:15:00+00:00,530.0,131.9,0.27,21.71,19.07,8.26,94
Ada,16,2024-06-11T15:30:00+00:00,529.6,138.4,0.27,21.77,13.58,8.31,95
Ada,16,2024-06-11T15:45:00+00:00,528.6,137.4,0.27,21.74,19.7,8.35,96
Ada,16,2024-06-11T16:00:00+00:00,527.9,140.6,0.27,21.8,13.61,8.4,97
Ada,16,2024-06-11T16:15:00+00:00,535.8,141.0,0.28,21.79,15.02,8.41,98
Ada,16,2024-06-11T16:30:00+00:00,526.9,141.0,0.27,21.8,37.78,8.45,99
Ada,16,2024-06-11T16:45:00+00:00,527.4,145.0,0.27,21.85,16.55,8.49,100
Ada,16,2024-06-11T17:00:00+00:00,525.7,146.1,0.27,21.92,14.4,8.51,101
Ada,16,2024-06-11T17:15:00+00:00,527.7,147.7,0.27,21.86,14.27,8.55,102
Ada,16,2024-06-11T17:30:00+00:00,525.9,148.0,0.27,21.81,18.77,8.56,103
Ada,16,2024-06-11T17:45:00+00:00,529.4,149.3,0.27,21.93,15.24,8.57,104
Ada,16,2024-06-11T18:00:00+00:00,530.7,154.8,0.27,21.94,15.2,8.6,105
Ada,16,2024-06-11T18:15:00+00:00,527.1,153.9,0.27,21.94,19.77,8.59,106
Ada,16,2024-06-11T18:30:00+00:00,527.8,159.6,0.27,21.91,15.24,8.7,107
Ada,16,2024-06-11T18:45:00+00:00,535.9,161.2,0.28,21.9,16.28,8.72,108
Ada,16,2024-06-11T19:00:00+00:00,532.5,163.4,0.27,22.02,15.22,8.73,109
Ada,16,2024-06-11T19:15:00+00:00,532.0,165.8,0.27,22.01,15.29,8.75,110
Ada,16,2024-06-11T19:30:00+00:00,534.9,168.0,0.27,22.06,14.19,8.77,111
Ada,16,2024-06-11T19:45:00+00:00,534.1,174.1,0.27,22.02,14.42,8.81,112
Ada,16,2024-06-11T20:00:00+00:00,533.4,169.6,0.27,22.05,23.38,8.8,113
Ada,16,2024-06-11T20:15:00+00:00,529.6,166.3,0.27,22.1,20.45,8.8,114
Ada,16,2024-06-11T20:30:00+00:00,529.2,167.8,0.27,22.09,13.08,8.81,115
Ada,16,2024-06-11T20:45:00+00:00,530.0,161.2,0.27,22.07,12.97,8.76,116
Ada,16,2024-06-11T21:00:00+00:00,533.4,169.5,0.27,22.15,13.6,8.78,117
Ada,16,2024-06-11T21:15:00+00:00,536.0,170.3,0.27,22.15,13.16,8.76,118
Ada,16,2024-06-11T21:30:00+00:00,539.3,170.6,0.28,22.06,13.06,8.73,119
Ada,16,2024-06-11T21:45:00+00:00,535.7,169.2,0.27,22.11,12.98,8.72,120
Ada,16,2024-06-11T22:00:00+00:00,537.0,171.0,0.28,22.06,13.18,8.78,121
Ada,16,2024-06-11T22:15:00+00:00,531.4,168.4,0.27,22.11,12.93,8.77,122
Ada,16,2024-06-11T22:30:00+00:00,531.6,168.5,0.27,22.15,12.85,8.82,123
Ada,16,2024-06-11T22:45:00+00:00,531.6,165.8,0.27,22.17,13.43,8.79,124
Ada,16,2024-06-11T23:00:00+00:00,531.3,167.2,0.27,22.19,12.74,8.79,125
Ada,16,2024-06-11T23:15:00+00:00,530.2,161.8,0.27,22.18,12.84,8.79,126
Ada,16,2024-06-11T23:30:00+00:00,532.0,169.6,0.27,22.22,12.82,8.8,127
Ada,16,2024-06-11T23:45:00+00:00,533.6,167.5,0.27,22.14,13.0,8.77,128
Ada,16,2024-06-12T00:00:00+00:00,531.5,166.2,0.27,22.16,12.97,8.76,129
Ada,16,2024-06-12T00:15:00+00:00,537.4,166.6,0.28,22.08,13.06,8.72,130
Ada,16,2024-06-12T00:30:00+00:00,534.9,165.5,0.27,22.15,12.4,8.73,131
Ada,16,2024-06-12T00:45:00+00:00,535.8,162.6,0.27,22.14,14.45,8.7,132
Ada,16,2024-06-12T01:00:00+00:00,533.2,162.9,0.27,22.15,14.55,8.73,133
Ada,16,2024-06-12T01:15:00+00:00,534.0,161.9,0.27,22.13,14.45,8.69,134
Ada,16,2024-06-12T01:30:00+00:00,532.5,158.5,0.27,22.14,14.51,8.63,135
Ada,16,2024-06-12T01:45:00+00:00,533.6,161.2,0.27,22.15,14.94,8.67,136
Ada,16,2024-06-12T02:00:00+00:00,533.0,160.2,0.27,22.15,14.28,8.62,137
Ada,16,2024-06-12T02:15:00+00:00,535.3,161.1,0.27,22.17,14.03,8.68,138
Ada,16,2024-06-12T02:30:00+00:00,534.0,162.3,0.27,22.17,14.14,8.65,139
Ada,16,2024-06-12T02:45:00+00:00,534.6,159.8,0.27,22.19,14.06,8.63,140
Ada,16,2024-06-12T03:00:00+00:00,535.8,155.9,0.27,22.11,14.45,8.55,141
Ada,16,2024-06-12T03:15:00+00:00,535.1,156.4,0.27,22.15,14.09,8.57,142
Ada,16,2024-06-12T03:30:00+00:00,532.6,154.3,0.27,22.12,15.01,8.57,143
Ada,16,2024-06-12T03:45:00+00:00,535.6,136.8,0.27,22.09,14.73,8.55,144
Ada,16,2024-06-12T04:00:00+00:00,535.5,140.3,0.27,22.08,13.22,8.47,145
Ada,16,2024-06-12T04:15:00+00:00,535.7,149.5,0.27,22.12,13.11,8.45,146
Ada,16,2024-06-12T04:30:00+00:00,535.0,149.6,0.27,22.07,13.04,8.48,147
Ada,16,2024-06-12T04:45:00+00:00,535.5,148.4,0.27,22.08,13.03,8.44,148
Ada,16,2024-06-12T05:00:00+00:00,535.8,147.5,0.27,22.09,12.93,8.45,149
Ada,16,2024-06-12T05:15:00+00:00,535.7,149.9,0.27,22.11,12.99,8.45,150
Ada,16,2024-06-12T05:30:00+00:00,536.6,144.1,0.27,22.1,13.31,8.44,151
Ada,16,2024-06-12T05:45:00+00:00,536.3,152.3,0.27,22.13,13.12,8.51,152
Ada,16,2024-06-12T06:00:00+00:00,537.5,140.7,0.28,22.08,13.03,8.43,153
Ada,16,2024-06-12T06:15:00+00:00,535.7,138.0,0.27,22.09,13.23,8.46,154
Ada,16,2024-06-12T06:30:00+00:00,537.3,144.0,0.28,22.11,13.55,8.46,155
Ada,16,2024-06-12T06:45:00+00:00,536.4,146.7,0.27,22.1,13.42,8.49,156
Ada,16,2024-06-12T07:00:00+00:00,538.1,146.3,0.28,22.06,13.47,8.42,157
Ada,16,2024-06-12T07:15:00+00:00,538.4,144.4,0.28,22.1,13.47,8.43,158
Ada,16,2024-06-12T07:30:00+00:00,537.1,135.8,0.28,22.08,13.62,8.43,159
Ada,16,2024-06-12T07:45:00+00:00,536.8,143.7,0.27,22.12,13.34,8.45,160
Ada,16,2024-06-12T08:00:00+00:00,538.4,144.5,0.28,22.12,13.26,8.48,161
Ada,16,2024-06-12T08:15:00+00:00,537.1,143.4,0.28,22.12,13.52,8.44,162
Ada,16,2024-06-12T08:30:00+00:00,537.4,143.8,0.28,22.09,13.37,8.43,163
Ada,16,2024-06-12T08:45:00+00:00,537.4,142.7,0.28,22.1,13.58,8.43,164
Ada,16,2024-06-12T09:00:00+00:00,537.7,140.8,0.28,22.08,13.68,8.4,165
Ada,16,2024-06-12T09:15:00+00:00,536.9,137.6,0.28,22.05,13.78,8.37,166
Ada,16,2024-06-12T09:30:00+00:00,535.9,129.5,0.28,22.03,13.82,8.29,167
Ada,16,2024-06-12T09:45:00+00:00,537.6,125.9,0.28,22.0,14.07,8.32,168
Ada,16,2024-06-12T10:00:00+00:00,538.2,137.7,0.28,21.97,22.08,8.37,169
Ada,16,2024-06-12T10:15:00+00:00,538.0,136.8,0.28,21.93,21.54,8.4,170
Ada,16,2024-06-12T10:30:00+00:00,536.7,131.2,0.28,21.89,22.77,8.32,171
Ada,16,2024-06-12T10:45:00+00:00,535.8,130.5,0.28,21.86,22.02,8.31,172
Ada,16,2024-06-12T11:00:00+00:00,535.4,126.6,0.28,21.81,13.78,8.29,173
Ada,16,2024-06-12T11:15:00+00:00,537.6,123.6,0.28,21.78,14.03,8.21,174
Ada,16,2024-06-12T11:30:00+00:00,537.1,122.6,0.28,21.75,13.8,8.18,175
Ada,16,2024-06-12T11:45:00+00:00,535.5,119.6,0.28,21.71,14.36,8.15,176
Ada,16,2024-06-12T12:00:00+00:00,536.7,118.6,0.28,21.69,14.14,8.08,177
Ada,16,2024-06-12T12:15:00+00:00,536.3,121.3,0.28,21.65,14.28,8.15,178
Ada,16,2024-06-12T12:30:00+00:00,535.0,120.2,0.28,21.63,14.3,8.07,179
Ada,16,2024-06-12T12:45:00+00:00,533.9,101.9,0.28,21.6,14.56,8.18,180
Ada,16,2024-06-12T13:00:00+00:00,533.4,115.0,0.28,21.6,14.62,8.23,181
Ada,16,2024-06-12T13:15:00+00:00,533.7,117.9,0.28,21.62,14.67,8.21,182
Ada,16,2024-06-12T13:30:00+00:00,536.3,124.8,0.28,21.65,14.8,8.28,183
Ada,16,2024-06-12T13:45:00+00:00,534.4,123.4,0.28,21.63,14.22,8.29,184
Ada,16,2024-06-12T14:00:00+00:00,534.5,123.0,0.28,21.63,14.69,8.28,185
Ada,16,2024-06-12T14:15:00+00:00,534.2,111.2,0.28,21.63,14.43,8.11,186
Ada,16,2024-06-12T14:30:00+00:00,538.5,93.6,0.28,21.65,17.2,7.79,187
Ada,16,2024-06-12T14:45:00+00:00,537.1,111.6,0.28,21.65,16.1,7.89,188
Ada,16,2024-06-12T15:00:00+00:00,535.5,130.3,0.28,21.61,15.02,8.26,189
Ada,16,2024-06-12T15:15:00+00:00,535.9,134.1,0.28,21.7,16.05,8.33,190
Ada,16,2024-06-12T15:30:00+00:00,537.4,125.8,0.28,21.68,16.44,8.22,191
Ada,16,2024-06-12T15:45:00+00:00,535.0,134.5,0.28,21.68,16.95,8.37,192
Ada,16,2024-06-12T16:00:00+00:00,542.2,136.4,0.28,21.68,16.41,8.39,193
Ada,16,2024-06-12T16:15:00+00:00,536.2,132.6,0.28,21.7,15.29,8.37,194
Ada,16,2024-06-12T16:30:00+00:00,540.0,133.2,0.28,21.69,15.73,8.34,195
Ada,16,2024-06-12T16:45:00+00:00,537.2,145.0,0.28,21.77,15.62,8.51,196
Ada,16,2024-06-12T17:00:00+00:00,539.3,142.6,0.28,21.79,15.82,8.53,197
Ada,16,2024-06-12T17:15:00+00:00,536.8,144.7,0.28,21.78,15.47,8.56,198
Ada,16,2024-06-12T17:30:00+00:00,538.2,146.0,0.28,21.79,18.68,8.56,199
Ada,16,2024-06-12T17:45:00+00:00,539.1,144.4,0.28,21.84,17.18,8.56,200
Ada,16,2024-06-12T18:00:00+00:00,537.6,144.7,0.28,21.81,17.11,8.57,201
Ada,16,2024-06-12T18:15:00+00:00,538.3,151.8,0.28,21.87,16.6,8.61,202
Ada,16,2024-06-12T18:30:00+00:00,539.8,152.7,0.28,21.85,16.84,8.64,203
Ada,16,2024-06-12T18:45:00+00:00,537.1,153.6,0.28,21.91,17.39,8.7,204
Ada,16,2024-06-12T19:00:00+00:00,539.9,152.8,0.28,21.91,31.11,8.65,205
Ada,16,2024-06-12T19:15:00+00:00,539.1,156.9,0.28,21.98,16.56,8.74,206
Ada,16,2024-06-12T19:30:00+00:00,540.0,156.4,0.28,21.98,16.7,8.74,207
Ada,16,2024-06-12T19:45:00+00:00,540.1,159.8,0.28,22.06,16.11,8.76,208
Ada,16,2024-06-12T20:00:00+00:00,538.0,160.5,0.28,22.01,15.68,8.79,209
Ada,16,2024-06-12T20:15:00+00:00,540.7,161.4,0.28,22.06,15.62,8.78,210
Ada,16,2024-06-12T20:30:00+00:00,540.5,161.4,0.28,22.08,15.27,8.77,211
Ada,16,2024-06-12T20:45:00+00:00,539.3,162.2,0.28,22.09,15.38,8.82,212
Ada,16,2024-06-12T21:00:00+00:00,540.4,162.2,0.28,22.11,15.07,8.82,213
Ada,16,2024-06-12T21:15:00+00:00,542.1,161.0,0.28,22.09,15.25,8.77,214
Ada,16,2024-06-12T21:30:00+00:00,542.9,167.6,0.28,22.1,15.53,8.79,215
Ada,16,2024-06-12T21:45:00+00:00,543.4,160.8,0.28,22.07,15.17,8.76,216
Ada,16,2024-06-12T22:00:00+00:00,541.4,161.2,0.28,22.1,15.42,8.74,217
Ada,16,2024-06-12T22:15:00+00:00,544.5,166.3,0.28,22.12,15.32,8.78,218
Ada,16,2024-06-12T22:30:00+00:00,541.6,158.2,0.28,22.11,16.39,8.8,219
Ada,16,2024-06-12T22:45:00+00:00,539.6,166.8,0.28,22.12,15.79,8.8,220
Ada,16,2024-06-12T23:00:00+00:00,539.7,163.6,0.28,22.18,15.71,8.8,221
Ada,16,2024-06-12T23:15:00+00:00,542.9,165.1,0.28,22.09,16.31,8.79,222
Ada,16,2024-06-12T23:30:00+00:00,542.1,164.4,0.28,22.16,16.31,8.77,223
Ada,16,2024-06-12T23:45:00+00:00,541.8,164.1,0.28,22.11,15.54,8.76,224
Ada,16,2024-06-13T00:00:00+00:00,542.6,163.2,0.28,22.15,17.19,8.75,225
Ada,16,2024-06-13T00:15:00+00:00,542.8,164.2,0.28,22.11,16.09,8.75,226
Ada,16,2024-06-13T00:30:00+00:00,543.7,160.8,0.28,22.16,15.01,8.74,227
Ada,16,2024-06-13T00:45:00+00:00,543.2,159.2,0.28,22.16,14.71,8.73,228
Ada,16,2024-06-13T01:00:00+00:00,539.2,157.3,0.28,22.15,14.88,8.69,229
Ada,16,2024-06-13T01:15:00+00:00,545.3,154.3,0.28,22.13,14.85,8.67,230
Ada,16,2024-06-13T01:30:00+00:00,545.6,155.0,0.28,22.12,14.89,8.64,231
Ada,16,2024-06-13T01:45:00+00:00,546.2,153.4,0.28,22.12,19.14,8.58,232
Ada,16,2024-06-13T02:00:00+00:00,548.0,149.2,0.28,22.13,15.94,8.54,233
Ada,16,2024-06-13T02:15:00+00:00,541.9,150.1,0.28,22.14,14.85,8.56,234
Ada,16,2024-06-13T02:30:00+00:00,546.4,154.2,0.28,22.15,15.18,8.59,235
Ada,16,2024-06-13T02:45:00+00:00,546.7,155.2,0.28,22.13,14.67,8.59,236
Ada,16,2024-06-13T03:00:00+00:00,547.2,155.3,0.28,22.11,15.18,8.59,237
Ada,16,2024-06-13T03:15:00+00:00,547.7,151.6,0.28,22.15,14.64,8.56,238
Ada,16,2024-06-13T03:30:00+00:00,547.4,149.0,0.28,22.12,14.87,8.53,239
Ada,16,2024-06-13T03:45:00+00:00,546.4,147.8,0.28,22.14,17.07,8.53,240
Ada,16,2024-06-13T04:00:00+00:00,549.1,144.0,0.28,22.12,15.46,8.46,241
Ada,16,2024-06-13T04:15:00+00:00,548.8,150.6,0.28,22.11,15.48,8.52,242
Ada,16,2024-06-13T04:30:00+00:00,547.0,150.7,0.28,22.11,15.3,8.54,243
Ada,16,2024-06-13T04:45:00+00:00,551.0,147.8,0.28,22.11,15.54,8.51,244
Ada,16,2024-06-13T05:00:00+00:00,548.5,147.7,0.28,22.13,15.66,8.49,245
Ada,16,2024-06-13T05:15:00+00:00,549.4,150.8,0.28,22.11,15.67,8.49,246
Ada,16,2024-06-13T05:30:00+00:00,550.3,146.8,0.28,22.12,15.44,8.46,247
Ada,16,2024-06-13T05:45:00+00:00,551.1,144.9,0.28,22.08,16.07,8.46,248
Ada,16,2024-06-13T06:00:00+00:00,549.0,146.3,0.28,22.12,16.01,8.46,249
Ada,16,2024-06-13T06:15:00+00:00,549.8,143.6,0.28,22.1,16.45,8.39,250
Ada,16,2024-06-13T06:30:00+00:00,549.4,145.2,0.28,22.11,16.21,8.4,251
Ada,16,2024-06-13T06:45:00+00:00,549.7,145.2,0.28,22.1,15.57,8.37,252
Ada,16,2024-06-13T07:00:00+00:00,550.0,143.2,0.28,22.09,16.1,8.38,253
Ada,16,2024-06-13T07:15:00+00:00,549.2,141.9,0.28,22.17,17.64,8.35,254
Ada,16,2024-06-13T07:30:00+00:00,551.9,143.1,0.28,22.12,17.25,8.38,255
Ada,16,2024-06-13T07:45:00+00:00,552.6,141.5,0.28,22.11,16.4,8.32,256
Ada,16,2024-06-13T08:00:00+00:00,549.2,145.5,0.28,22.11,16.71,8.38,257
Ada,16,2024-06-13T08:15:00+00:00,549.2,142.4,0.28,22.1,16.12,8.32,258
Ada,16,2024-06-13T08:30:00+00:00,548.6,137.7,0.28,22.07,16.51,8.43,259
Ada,16,2024-06-13T08:45:00+00:00,549.9,136.0,0.28,22.02,16.21,8.34,260
Ada,16,2024-06-13T09:00:00+00:00,545.6,137.1,0.28,21.99,16.06,8.41,261
Ada,16,2024-06-13T09:15:00+00:00,547.8,138.2,0.28,21.95,16.49,8.45,262
Ada,16,2024-06-13T09:30:00+00:00,545.9,133.9,0.28,21.91,16.59,8.42,263
Ada,16,2024-06-13T09:45:00+00:00,545.1,137.2,0.28,21.88,42.11,8.46,264
Ada,16,2024-06-13T10:00:00+00:00,545.4,128.4,0.28,21.84,40.89,8.37,265
Ada,16,2024-06-13T10:15:00+00:00,546.1,136.0,0.28,21.8,30.63,8.46,266
Ada,16,2024-06-13T10:30:00+00:00,543.3,133.3,0.28,21.75,28.94,8.44,267
Ada,16,2024-06-13T10:45:00+00:00,543.0,132.2,0.28,21.71,28.62,8.43,268
Ada,16,2024-06-13T11:00:00+00:00,550.0,130.7,0.28,21.68,27.99,8.38,269
Ada,16,2024-06-13T11:15:00+00:00,544.8,131.8,0.28,21.65,27.12,8.37,270
Ada,16,2024-06-13T11:30:00+00:00,545.0,129.7,0.28,21.61,26.51,8.35,271
Ada,16,2024-06-13T11:45:00+00:00,545.5,125.7,0.28,21.59,25.83,8.32,272
Ada,16,2024-06-13T12:00:00+00:00,546.8,123.9,0.28,21.57,25.73,8.23,273
Ada,16,2024-06-13T12:15:00+00:00,543.7,121.3,0.28,21.54,25.5,8.19,274
Ada,16,2024-06-13T12:30:00+00:00,542.8,123.7,0.28,21.52,26.77,8.23,275
Ada,16,2024-06-13T12:45:00+00:00,543.7,128.2,0.28,21.51,50.43,8.2,276
Ada,16,2024-06-13T13:00:00+00:00,543.8,122.7,0.28,21.5,19.27,8.27,277
Ada,16,2024-06-13T13:15:00+00:00,541.1,126.9,0.28,21.51,14.87,8.27,278
Ada,16,2024-06-13T13:30:00+00:00,542.9,130.6,0.28,21.53,12.25,8.38,279
Ada,16,2024-06-13T13:45:00+00:00,543.3,131.2,0.28,21.53,16.49,8.4,280
Ada,16,2024-06-13T14:00:00+00:00,541.4,134.3,0.28,21.54,8.73,8.44,281
Ada,16,2024-06-13T14:15:00+00:00,543.3,122.1,0.28,21.55,210.5,8.32,282
Ada,16,2024-06-13T14:30:00+00:00,546.0,114.0,0.28,21.54,152.9,8.2,283
Ada,16,2024-06-13T14:45:00+00:00,543.7,116.7,0.28,21.56,9.95,8.21,284
Ada,16,2024-06-13T15:00:00+00:00,541.4,131.3,0.28,21.56,9.31,8.4,285
Ada,16,2024-06-13T15:15:00+00:00,541.2,132.2,0.28,21.56,8.57,8.41,286
Ada,16,2024-06-13T15:30:00+00:00,545.0,130.7,0.28,21.62,9.02,8.44,287
Ada,16,2024-06-13T15:45:00+00:00,543.0,134.6,0.28,21.62,9.5,8.44,288
Ada,16,2024-06-13T16:00:00+00:00,562.4,134.6,0.29,21.69,10.14,8.34,289
Ada,16,2024-06-13T16:15:00+00:00,556.2,142.9,0.29,21.72,10.26,8.32,290
Ada,16,2024-06-13T16:30:00+00:00,565.3,141.6,0.29,21.73,10.18,8.29,291
Ada,16,2024-06-13T16:45:00+00:00,553.2,142.0,0.29,21.76,13.76,8.33,292
Ada,16,2024-06-13T17:00:00+00:00,557.8,140.1,0.29,21.82,8.87,8.35,293
Ada,16,2024-06-13T17:15:00+00:00,561.8,137.3,0.29,21.83,9.02,8.25,294
Ada,16,2024-06-13T17:30:00+00:00,560.9,142.6,0.29,21.84,8.74,8.34,295
Ada,16,2024-06-13T17:45:00+00:00,548.3,141.2,0.28,21.87,9.65,8.43,296
Ada,16,2024-06-13T18:00:00+00:00,555.3,145.2,0.29,21.92,8.84,8.44,297
Ada,16,2024-06-13T18:15:00+00:00,557.9,146.9,0.29,21.96,38.46,8.51,298
Ada,16,2024-06-13T18:30:00+00:00,559.6,147.3,0.29,21.99,23.98,8.55,299
Ada,16,2024-06-13T18:45:00+00:00,548.7,151.1,0.28,21.99,9.06,8.6,300
Ada,16,2024-06-13T19:00:00+00:00,547.3,153.9,0.28,22.01,9.67,8.69,301
Ada,16,2024-06-13T19:15:00+00:00,554.5,153.0,0.28,22.14,9.49,8.66,302
Ada,16,2024-06-13T19:30:00+00:00,553.3,154.9,0.28,22.1,10.09,8.68,303
Ada,16,2024-06-13T19:45:00+00:00,552.9,158.3,0.28,22.12,9.85,8.74,304
Ada,16,2024-06-13T20:00:00+00:00,552.1,155.2,0.28,22.21,13.9,8.79,305
Ada,16,2024-06-13T20:15:00+00:00,550.6,163.7,0.28,22.21,10.19,8.82,306
Ada,16,2024-06-13T20:30:00+00:00,550.5,163.8,0.28,22.26,10.09,8.83,307
Ada,16,2024-06-13T20:45:00+00:00,555.4,165.1,0.28,22.36,9.89,8.85,308
Ada,16,2024-06-13T21:00:00+00:00,551.4,161.8,0.28,22.29,9.77,8.83,309
Ada,16,2024-06-13T21:15:00+00:00,554.8,164.3,0.28,22.32,10.46,8.84,310
Ada,16,2024-06-13T21:30:00+00:00,555.0,160.5,0.28,22.41,8.76,8.83,311
Ada,16,2024-06-13T21:45:00+00:00,555.1,165.7,0.28,22.4,8.97,8.85,312
Ada,16,2024-06-13T22:00:00+00:00,555.8,166.5,0.28,22.43,16.76,8.86,313
Ada,16,2024-06-13T22:15:00+00:00,557.0,164.4,0.28,22.48,9.84,8.81,314
Ada,16,2024-06-13T22:30:00+00:00,557.0,162.7,0.28,22.45,10.01,8.81,315
Ada,16,2024-06-13T22:45:00+00:00,558.9,166.7,0.28,22.62,10.39,8.84,316
Ada,16,2024-06-13T23:00:00+00:00,557.2,164.2,0.28,22.47,10.24,8.82,317
Ada,16,2024-06-13T23:15:00+00:00,556.4,163.2,0.28,22.43,10.2,8.81,318
Ada,16,2024-06-13T23:30:00+00:00,558.8,165.4,0.28,22.45,14.14,8.78,319
Ada,16,2024-06-13T23:45:00+00:00,559.7,165.9,0.28,22.55,43.21,8.78,320
Ada,16,2024-06-14T00:00:00+00:00,559.4,164.6,0.28,22.47,10.3,8.77,321
Ada,16,2024-06-14T00:15:00+00:00,565.6,166.1,0.29,22.56,15.79,8.8,322
Ada,16,2024-06-14T00:30:00+00:00,559.7,165.3,0.28,22.46,16.5,8.76,323
Ada,16,2024-06-14T00:45:00+00:00,558.8,162.4,0.28,22.44,17.3,8.73,324
Ada,16,2024-06-14T01:00:00+00:00,559.1,162.1,0.28,22.45,17.13,8.73,325
Ada,16,2024-06-14T01:15:00+00:00,559.6,161.3,0.29,22.39,17.75,8.71,326
Ada,16,2024-06-14T01:30:00+00:00,557.8,163.2,0.28,22.48,17.91,8.72,327
Ada,16,2024-06-14T01:45:00+00:00,559.3,162.7,0.28,22.45,18.14,8.72,328
Ada,16,2024-06-14T02:00:00+00:00,559.6,157.9,0.29,22.43,19.19,8.67,329
Ada,16,2024-06-14T02:15:00+00:00,560.1,154.1,0.29,22.4,17.5,8.66,330
Ada,16,2024-06-14T02:30:00+00:00,560.8,157.9,0.29,22.41,20.21,8.64,331
Ada,16,2024-06-14T02:45:00+00:00,563.4,155.8,0.29,22.46,20.22,8.6,332
Ada,16,2024-06-14T03:00:00+00:00,565.7,151.4,0.29,22.47,20.52,8.56,333
Ada,16,2024-06-14T03:15:00+00:00,562.1,154.4,0.29,22.45,19.89,8.56,334
Ada,16,2024-06-14T03:30:00+00:00,562.3,152.9,0.29,22.44,19.56,8.56,335
Ada,16,2024-06-14T03:45:00+00:00,561.2,153.7,0.29,22.48,19.59,8.53,336
Ada,16,2024-06-14T04:00:00+00:00,566.3,150.4,0.29,22.43,19.48,8.5,337
Ada,16,2024-06-14T04:15:00+00:00,564.7,149.0,0.29,22.44,20.09,8.46,338
Ada,16,2024-06-14T04:30:00+00:00,562.4,149.1,0.29,22.35,19.5,8.45,339
Ada,16,2024-06-14T04:45:00+00:00,563.6,153.0,0.29,22.44,21.08,8.5,340
Ada,16,2024-06-14T05:00:00+00:00,562.8,151.2,0.29,22.45,21.37,8.48,341
Ada,16,2024-06-14T05:15:00+00:00,562.9,149.1,0.29,22.41,19.03,8.44,342
Ada,16,2024-06-14T05:30:00+00:00,562.4,151.8,0.29,22.45,18.48,8.49,343
Ada,16,2024-06-14T05:45:00+00:00,562.7,151.4,0.29,22.44,18.11,8.47,344
Ada,16,2024-06-14T06:00:00+00:00,562.7,150.2,0.29,22.43,18.32,8.45,345
Ada,16,2024-06-14T06:15:00+00:00,563.5,150.3,0.29,22.4,17.93,8.47,346
Ada,16,2024-06-14T06:30:00+00:00,562.8,150.2,0.29,22.4,18.58,8.46,347
Ada,16,2024-06-14T06:45:00+00:00,559.8,149.7,0.28,22.49,17.48,8.48,348
Ada,16,2024-06-14T07:00:00+00:00,562.4,149.1,0.29,22.41,17.62,8.48,349
Ada,16,2024-06-14T07:15:00+00:00,562.3,148.2,0.29,22.42,18.41,8.45,350
Ada,16,2024-06-14T07:30:00+00:00,562.3,147.1,0.29,22.41,17.83,8.44,351
Ada,16,2024-06-14T07:45:00+00:00,561.8,149.7,0.29,22.43,17.8,8.47,352
Ada,16,2024-06-14T08:00:00+00:00,563.2,146.2,0.29,22.37,17.45,8.43,353
Ada,16,2024-06-14T08:15:00+00:00,562.5,146.5,0.29,22.4,17.83,8.41,354
Ada,16,2024-06-14T08:30:00+00:00,562.4,146.9,0.29,22.42,17.65,8.41,355
Ada,16,2024-06-14T08:45:00+00:00,562.8,146.0,0.29,22.38,17.58,8.39,356
Ada,16,2024-06-14T09:00:00+00:00,561.5,150.5,0.29,22.51,15.57,8.41,357
Ada,16,2024-06-14T09:15:00+00:00,560.7,147.0,0.29,22.42,16.99,8.44,358
Ada,16,2024-06-14T09:30:00+00:00,561.8,143.9,0.29,22.42,17.42,8.4,359
Ada,16,2024-06-14T09:45:00+00:00,562.4,148.9,0.29,22.42,17.89,8.43,360
Ada,16,2024-06-14T10:00:00+00:00,560.6,144.9,0.29,22.41,16.43,8.42,361
Ada,16,2024-06-14T10:15:00+00:00,561.2,145.3,0.29,22.36,16.9,8.35,362
Ada,16,2024-06-14T10:30:00+00:00,560.6,147.9,0.29,22.45,18.02,8.37,363
Ada,16,2024-06-14T10:45:00+00:00,562.1,144.6,0.29,22.41,16.01,8.37,364
Ada,16,2024-06-14T11:00:00+00:00,561.9,144.2,0.29,22.41,17.45,8.33,365
Ada,16,2024-06-14T11:15:00+00:00,561.1,148.5,0.29,22.49,19.2,8.38,366
Ada,16,2024-06-14T11:30:00+00:00,562.5,148.3,0.29,22.38,15.47,8.44,367
Ada,16,2024-06-14T11:45:00+00:00,560.6,147.1,0.28,22.62,15.33,8.44,368
Ada,16,2024-06-14T12:00:00+00:00,560.9,145.7,0.29,22.48,23.4,8.43,369
Ada,16,2024-06-14T12:15:00+00:00,561.8,142.8,0.29,22.62,19.04,8.44,370
Ada,16,2024-06-14T12:30:00+00:00,562.8,141.5,0.29,22.37,18.56,8.39,371
Ada,16,2024-06-14T12:45:00+00:00,562.5,134.0,0.29,22.51,10.45,8.39,372
Ada,16,2024-06-14T13:00:00+00:00,564.9,139.1,0.29,22.3,8.72,8.37,373
Ada,16,2024-06-14T13:15:00+00:00,562.3,144.3,0.29,22.4,9.12,8.36,374
Ada,16,2024-06-14T13:30:00+00:00,561.2,149.2,0.29,22.43,9.14,8.44,375
Ada,16,2024-06-14T13:45:00+00:00,561.0,128.3,0.29,22.49,9.21,8.47,376
Ada,16,2024-06-14T14:00:00+00:00,561.7,145.0,0.29,22.49,10.78,8.47,377
Ada,16,2024-06-14T14:15:00+00:00,562.1,146.9,0.29,22.46,9.18,8.45,378
Ada,16,2024-06-14T14:30:00+00:00,561.8,147.9,0.29,22.52,9.08,8.5,379
Ada,16,2024-06-14T14:45:00+00:00,561.3,149.1,0.28,22.59,10.2,8.52,380
Ada,16,2024-06-14T15:00:00+00:00,562.9,145.6,0.29,22.49,12.19,8.49,381
Ada,16,2024-06-14T15:15:00+00:00,561.4,142.8,0.29,22.57,8.87,8.47,382
Ada,16,2024-06-14T15:30:00+00:00,561.5,143.2,0.29,22.58,8.65,8.41,383
Ada,16,2024-06-14T15:45:00+00:00,563.1,142.0,0.29,22.7,8.62,8.44,384
Ada,16,2024-06-14T16:00:00+00:00,562.9,116.1,0.29,22.66,9.6,8.37,385
Ada,16,2024-06-14T16:15:00+00:00,560.6,135.9,0.28,22.62,13.96,8.44,386
Ada,16,2024-06-14T16:30:00+00:00,564.4,110.7,0.29,22.6,9.07,8.17,387
Ada,16,2024-06-14T16:45:00+00:00,563.8,136.6,0.29,22.67,9.04,8.29,388
Ada,16,2024-06-14T17:00:00+00:00,564.4,136.5,0.29,22.59,8.75,8.24,389
Ada,16,2024-06-14T17:15:00+00:00,563.6,129.8,0.29,22.63,8.6,8.19,390
Ada,16,2024-06-14T17:30:00+00:00,564.5,132.5,0.29,22.71,8.56,8.21,391
Ada,16,2024-06-14T17:45:00+00:00,563.7,132.1,0.29,22.69,7.85,8.3,392
Ada,16,2024-06-14T18:00:00+00:00,564.3,144.8,0.29,22.7,8.58,8.26,393
Ada,16,2024-06-14T18:15:00+00:00,565.5,137.2,0.29,22.67,8.26,8.27,394
Ada,16,2024-06-14T18:30:00+00:00,564.3,141.8,0.29,22.77,8.38,8.34,395
Ada,16,2024-06-14T18:45:00+00:00,565.2,150.4,0.29,22.77,8.27,8.46,396
Ada,16,2024-06-14T19:00:00+00:00,565.3,133.4,0.29,22.75,8.46,8.35,397
Ada,16,2024-06-14T19:15:00+00:00,565.5,135.1,0.29,22.75,12.16,8.28,398
Ada,16,2024-06-14T19:30:00+00:00,570.1,123.5,0.28,23.4,8.94,8.19,399
Ada,16,2024-06-14T19:45:00+00:00,572.7,136.7,0.28,23.95,8.06,8.73,400
Ada,16,2024-06-14T20:00:00+00:00,566.0,117.6,0.29,22.94,8.87,8.18,401
Ada,16,2024-06-14T20:15:00+00:00,567.8,138.2,0.29,22.69,8.15,8.21,402
Ada,16,2024-06-14T20:30:00+00:00,568.0,148.9,0.29,22.83,8.49,8.29,403
Ada,16,2024-06-14T20:45:00+00:00,568.5,139.3,0.29,22.99,8.62,8.32,404
Ada,16,2024-06-14T21:00:00+00:00,571.4,134.8,0.29,22.93,8.81,8.25,405
Ada,16,2024-06-14T21:15:00+00:00,573.4,133.4,0.29,22.93,8.74,8.22,406
Ada,16,2024-06-14T21:30:00+00:00,572.5,140.6,0.29,22.8,8.45,8.2,407
Ada,16,2024-06-14T21:45:00+00:00,571.9,143.1,0.29,22.83,7.88,8.23,408
Ada,16,2024-06-14T22:00:00+00:00,568.7,150.1,0.29,22.89,7.31,8.23,409
Ada,16,2024-06-14T22:15:00+00:00,571.1,147.3,0.29,22.86,7.39,8.29,410
Ada,16,2024-06-14T22:30:00+00:00,570.9,146.6,0.29,22.82,7.5,8.24,411
Ada,16,2024-06-14T22:45:00+00:00,571.9,141.2,0.29,22.78,7.6,8.17,412
Ada,16,2024-06-14T23:00:00+00:00,572.7,142.5,0.29,22.78,7.14,8.16,413
Ada,16,2024-06-14T23:15:00+00:00,567.4,149.5,0.29,22.96,8.13,8.41,414
Ada,16,2024-06-14T23:30:00+00:00,536.8,144.6,0.27,22.91,11.0,8.54,415
Ada,16,2024-06-14T23:45:00+00:00,548.8,145.0,0.28,22.82,13.91,8.34,416
Ada,16,2024-06-15T00:00:00+00:00,570.9,151.7,0.29,22.67,9.37,8.4,417
Ada,16,2024-06-15T00:15:00+00:00,577.4,155.0,0.29,22.8,9.03,8.32,418
Ada,16,2024-06-15T00:30:00+00:00,578.3,154.0,0.29,22.84,7.61,8.37,419
Ada,16,2024-06-15T00:45:00+00:00,505.0,132.4,0.25,22.82,10.7,8.26,420
Ada,16,2024-06-15T01:00:00+00:00,555.0,150.5,0.28,22.8,8.46,8.27,421
Ada,16,2024-06-15T01:15:00+00:00,555.6,152.3,0.28,22.73,9.48,8.26,422
Ada,16,2024-06-15T01:30:00+00:00,569.5,146.5,0.29,22.59,8.2,8.25,423
Ada,16,2024-06-15T01:45:00+00:00,531.7,145.7,0.27,22.63,12.31,8.2,424
Ada,16,2024-06-15T02:00:00+00:00,558.4,129.4,0.28,22.55,11.25,8.16,425
Ada,16,2024-06-15T02:15:00+00:00,572.7,135.5,0.29,22.57,9.46,8.1,426
Ada,16,2024-06-15T02:30:00+00:00,578.3,138.2,0.29,22.57,12.13,8.08,427
Ada,16,2024-06-15T02:45:00+00:00,577.9,143.7,0.29,22.51,9.56,8.06,428
Ada,16,2024-06-15T03:00:00+00:00,578.6,140.0,0.29,22.52,9.65,8.07,429
Ada,16,2024-06-15T03:15:00+00:00,580.3,134.4,0.3,22.45,9.28,8.01,430
Ada,16,2024-06-15T03:30:00+00:00,564.2,127.3,0.29,22.43,12.79,7.97,431
Ada,16,2024-06-15T03:45:00+00:00,577.5,126.9,0.29,22.44,10.24,7.92,432
Ada,16,2024-06-15T04:00:00+00:00,576.7,121.2,0.29,22.43,10.65,7.91,433
Ada,16,2024-06-15T04:15:00+00:00,579.3,122.1,0.3,22.43,11.22,7.89,434
Ada,16,2024-06-15T04:30:00+00:00,576.0,133.1,0.29,22.46,11.73,7.9,435
Ada,16,2024-06-15T04:45:00+00:00,578.9,133.6,0.29,22.5,11.37,7.93,436
Ada,16,2024-06-15T05:00:00+00:00,581.2,121.9,0.3,22.42,10.0,7.87,437
Ada,16,2024-06-15T05:15:00+00:00,581.1,127.2,0.3,22.45,10.79,7.85,438
Ada,16,2024-06-15T05:30:00+00:00,583.0,123.8,0.3,22.42,10.29,7.83,439
Ada,16,2024-06-15T05:45:00+00:00,578.2,116.7,0.29,22.4,10.99,7.8,440
Ada,16,2024-06-15T06:00:00+00:00,584.5,113.5,0.3,22.33,11.01,7.75,441
Ada,16,2024-06-15T06:15:00+00:00,578.8,114.6,0.3,22.34,10.67,7.76,442
Ada,16,2024-06-15T06:30:00+00:00,581.9,108.8,0.3,22.33,12.54,7.75,443
Ada,16,2024-06-15T06:45:00+00:00,572.8,108.1,0.29,22.37,12.09,7.71,444
Ada,16,2024-06-15T07:00:00+00:00,565.9,99.7,0.29,22.32,68.34,7.69,445
Ada,16,2024-06-15T07:15:00+00:00,538.9,99.9,0.27,22.33,13.79,7.66,446
Ada,16,2024-06-15T07:30:00+00:00,572.2,92.4,0.29,22.32,11.16,7.63,447
Ada,16,2024-06-15T07:45:00+00:00,580.1,105.9,0.3,22.3,10.74,7.66,448
Ada,16,2024-06-15T08:00:00+00:00,574.1,97.4,0.29,22.36,11.3,7.63,449
Ada,16,2024-06-15T08:15:00+00:00,521.0,95.0,0.27,22.27,14.47,7.63,450
Ada,16,2024-06-15T08:30:00+00:00,558.9,86.8,0.29,22.28,12.84,7.61,451
Ada,16,2024-06-15T08:45:00+00:00,509.3,85.0,0.26,22.21,16.47,7.6,452
Ada,16,2024-06-15T09:00:00+00:00,540.9,80.9,0.28,22.22,13.24,7.56,453
Ada,16,2024-06-15T09:15:00+00:00,540.9,80.9,0.28,22.23,14.44,7.55,454
Ada,16,2024-06-15T09:30:00+00:00,562.8,74.36,0.29,22.26,11.56,7.52,455
Ada,16,2024-06-15T09:45:00+00:00,568.8,72.78,0.29,22.28,10.49,7.51,456
Ada,16,2024-06-15T10:00:00+00:00,559.5,77.02,0.29,22.28,10.52,7.51,457
Ada,16,2024-06-15T10:15:00+00:00,574.5,79.03,0.29,22.35,10.64,7.5,458
Ada,16,2024-06-15T10:30:00+00:00,576.6,77.59,0.3,22.22,10.93,7.51,459
Ada,16,2024-06-15T10:45:00+00:00,574.6,67.31,0.29,22.21,9.67,7.5,460
Ada,16,2024-06-15T11:00:00+00:00,541.1,77.78,0.28,22.21,11.54,7.5,461
Ada,16,2024-06-15T11:15:00+00:00,525.7,80.7,0.27,22.14,11.79,7.55,462
Ada,16,2024-06-15T11:30:00+00:00,450.9,74.03,0.23,22.02,10.84,7.57,463
Ada,16,2024-06-15T11:45:00+00:00,490.7,71.62,0.25,22.05,11.86,7.56,464
Ada,16,2024-06-15T12:00:00+00:00,451.6,59.37,0.23,21.99,12.1,7.51,465
Ada,16,2024-06-15T12:15:00+00:00,435.9,70.52,0.22,21.93,11.74,7.56,466
Ada,16,2024-06-15T12:30:00+00:00,436.2,71.07,0.22,21.9,11.15,7.58,467
Ada,16,2024-06-15T12:45:00+00:00,434.5,69.31,0.22,21.86,11.3,7.57,468
Ada,16,2024-06-15T13:00:00+00:00,427.2,84.9,0.22,21.88,12.25,7.62,469
Ada,16,2024-06-15T13:15:00+00:00,415.4,95.7,0.21,21.95,14.12,7.77,470
Ada,16,2024-06-15T13:30:00+00:00,420.5,90.7,0.21,21.94,14.06,7.79,471
Ada,16,2024-06-15T13:45:00+00:00,460.7,81.1,0.24,21.91,13.37,7.71,472
Ada,16,2024-06-15T14:00:00+00:00,453.0,67.25,0.23,21.95,13.23,7.63,473
Ada,16,2024-06-15T14:15:00+00:00,481.3,90.8,0.25,21.96,11.19,7.65,474
Ada,16,2024-06-15T14:30:00+00:00,443.4,76.72,0.23,21.98,12.04,7.74,475
Ada,16,2024-06-15T14:45:00+00:00,444.5,79.09,0.23,22.23,11.9,7.71,476
Ada,16,2024-06-15T15:00:00+00:00,453.9,67.19,0.23,21.97,11.26,7.66,477
Ada,16,2024-06-15T15:15:00+00:00,471.1,52.23,0.24,21.87,11.17,7.53,478
Ada,16,2024-06-15T15:30:00+00:00,430.5,56.4,0.22,21.87,11.49,7.46,479
Ada,16,2024-06-15T15:45:00+00:00,436.9,60.84,0.22,21.87,11.85,7.48,480
Ada,16,2024-06-15T16:00:00+00:00,427.2,65.14,0.22,21.89,12.22,7.52,481
Ada,16,2024-06-15T16:15:00+00:00,462.0,65.63,0.24,21.93,11.64,7.48,482
Ada,16,2024-06-15T16:30:00+00:00,457.3,65.2,0.23,21.91,12.28,7.49,483
Ada,16,2024-06-15T16:45:00+00:00,449.3,73.15,0.23,22.02,15.51,7.53,484
Ada,16,2024-06-15T17:00:00+00:00,470.1,74.86,0.24,22.24,11.94,7.53,485
Ada,16,2024-06-15T17:15:00+00:00,485.0,68.08,0.25,21.99,14.65,7.56,486
Ada,16,2024-06-15T17:30:00+00:00,481.3,75.57,0.25,22.04,13.79,7.56,487
Ada,16,2024-06-15T17:45:00+00:00,432.3,88.8,0.22,22.11,15.15,7.64,488
Ada,16,2024-06-15T18:00:00+00:00,482.1,85.1,0.25,22.05,13.82,7.67,489
Ada,16,2024-06-15T18:15:00+00:00,446.3,99.3,0.23,22.13,15.69,7.74,490
Ada,16,2024-06-15T18:30:00+00:00,471.9,95.3,0.24,22.18,14.66,7.74,491
Ada,16,2024-06-15T18:45:00+00:00,457.0,113.5,0.23,22.21,15.3,7.81,492
Ada,16,2024-06-15T19:00:00+00:00,458.5,94.6,0.23,22.23,14.8,7.81,493
Ada,16,2024-06-15T19:15:00+00:00,452.0,92.3,0.23,22.19,13.66,7.78,494
Ada,16,2024-06-15T19:30:00+00:00,458.1,97.5,0.23,22.22,14.45,7.82,495
Ada,16,2024-06-15T19:45:00+00:00,447.4,114.4,0.23,22.21,15.41,7.74,496
Ada,16,2024-06-15T20:00:00+00:00,453.3,99.6,0.23,22.45,14.77,7.77,497
Ada,16,2024-06-15T20:15:00+00:00,454.0,104.0,0.23,22.3,15.1,7.77,498
Ada,16,2024-06-15T20:30:00+00:00,459.3,119.0,0.23,22.4,14.31,7.88,499
Ada,16,2024-06-15T20:45:00+00:00,438.1,126.9,0.22,22.41,15.64,7.95,500
Ada,16,2024-06-15T21:00:00+00:00,456.8,61.76,0.23,22.34,15.53,8.12,501
Ada,16,2024-06-15T21:15:00+00:00,402.1,92.5,0.2,22.44,17.19,8.05,502
Ada,16,2024-06-15T21:30:00+00:00,455.5,115.0,0.23,22.44,14.68,8.09,503
Ada,16,2024-06-15T21:45:00+00:00,464.9,122.4,0.24,22.48,15.14,8.09,504
Ada,16,2024-06-15T22:00:00+00:00,451.1,136.3,0.23,22.42,15.25,8.17,505
Ada,16,2024-06-15T22:15:00+00:00,462.4,127.1,0.23,22.38,15.1,8.11,506
Ada,16,2024-06-15T22:30:00+00:00,480.0,139.7,0.24,22.41,14.58,8.14,507
Ada,16,2024-06-15T22:45:00+00:00,466.5,137.4,0.24,22.45,14.69,8.26,508
Ada,16,2024-06-15T23:00:00+00:00,468.7,137.5,0.24,22.5,14.98,8.2,509
Ada,16,2024-06-15T23:15:00+00:00,464.2,145.6,0.23,22.51,15.04,8.25,510
Ada,16,2024-06-15T23:30:00+00:00,473.9,140.6,0.24,22.48,15.13,8.17,511
Ada,16,2024-06-15T23:45:00+00:00,488.5,129.7,0.25,22.41,14.65,8.12,512
Ada,16,2024-06-16T00:00:00+00:00,468.3,129.5,0.24,22.46,15.89,8.02,513
Ada,16,2024-06-16T00:15:00+00:00,497.3,134.7,0.25,22.49,15.82,8.09,514
Ada,16,2024-06-16T00:30:00+00:00,468.9,151.9,0.24,22.56,15.92,8.17,515
Ada,16,2024-06-16T00:45:00+00:00,506.5,147.0,0.26,22.62,17.44,8.3,516
Ada,16,2024-06-16T01:00:00+00:00,484.4,137.6,0.25,22.51,16.38,8.18,517
Ada,16,2024-06-16T01:15:00+00:00,496.2,133.6,0.25,22.52,18.06,8.06,518
Ada,16,2024-06-16T01:30:00+00:00,476.2,125.4,0.24,22.46,16.89,7.92,519
Ada,16,2024-06-16T01:45:00+00:00,512.3,121.7,0.26,22.56,17.09,7.81,520
Ada,16,2024-06-16T02:00:00+00:00,520.6,125.6,0.26,22.56,18.54,7.75,521
Ada,16,2024-06-16T02:15:00+00:00,515.3,125.2,0.26,22.52,14.6,7.77,522
Ada,16,2024-06-16T02:30:00+00:00,517.2,118.3,0.26,22.52,14.05,7.73,523
Ada,16,2024-06-16T02:45:00+00:00,503.7,120.7,0.26,22.51,14.94,7.74,524
Ada,16,2024-06-16T03:00:00+00:00,483.7,119.0,0.24,22.48,14.61,7.73,525
Ada,16,2024-06-16T03:15:00+00:00,484.1,110.2,0.25,22.46,15.32,7.72,526
Ada,16,2024-06-16T03:30:00+00:00,473.3,97.5,0.24,22.42,16.1,7.68,527
Ada,16,2024-06-16T03:45:00+00:00,439.4,112.3,0.22,22.39,16.25,7.73,528
Ada,16,2024-06-16T04:00:00+00:00,441.2,93.8,0.22,22.37,15.58,7.71,529
Ada,16,2024-06-16T04:15:00+00:00,444.1,87.0,0.22,22.38,16.51,7.65,530
Ada,16,2024-06-16T04:30:00+00:00,440.9,107.0,0.22,22.38,15.95,7.69,531
Ada,16,2024-06-16T04:45:00+00:00,449.0,105.5,0.23,22.39,17.04,7.74,532
Ada,16,2024-06-16T05:00:00+00:00,445.7,101.7,0.23,22.4,17.32,7.68,533
Ada,16,2024-06-16T05:15:00+00:00,452.0,100.1,0.23,22.39,345.1,7.66,534
Ada,16,2024-06-16T05:30:00+00:00,469.3,105.5,0.24,22.46,14.86,7.66,535
Ada,16,2024-06-16T05:45:00+00:00,459.6,100.9,0.23,22.49,13.81,7.64,536
Ada,16,2024-06-16T06:00:00+00:00,476.2,101.5,0.24,22.44,13.79,7.63,537
Ada,16,2024-06-16T06:15:00+00:00,479.9,105.3,0.24,22.45,13.42,7.69,538
Ada,16,2024-06-16T06:30:00+00:00,477.9,101.2,0.24,22.45,13.44,7.67,539
Ada,16,2024-06-16T06:45:00+00:00,486.3,99.3,0.25,22.5,14.52,7.61,540
Ada,16,2024-06-16T07:00:00+00:00,465.6,103.6,0.24,22.47,14.44,7.64,541
Ada,16,2024-06-16T07:15:00+00:00,482.0,99.3,0.24,22.44,14.81,7.61,542
Ada,16,2024-06-16T07:30:00+00:00,482.0,97.7,0.24,22.48,14.79,7.61,543
Ada,16,2024-06-16T07:45:00+00:00,487.1,96.3,0.25,22.45,13.94,7.59,544
Ada,16,2024-06-16T08:00:00+00:00,493.0,97.6,0.25,22.45,13.27,7.6,545
Ada,16,2024-06-16T08:15:00+00:00,487.1,96.1,0.25,22.5,14.29,7.6,546
Ada,16,2024-06-16T08:30:00+00:00,492.0,100.8,0.25,22.47,14.13,7.57,547
Ada,16,2024-06-16T08:45:00+00:00,474.2,100.5,0.24,22.48,13.08,7.65,548
Ada,16,2024-06-16T09:00:00+00:00,488.0,97.3,0.25,22.45,13.76,7.58,549
Ada,16,2024-06-16T09:15:00+00:00,485.6,95.6,0.25,22.45,16.96,7.56,550
Ada,16,2024-06-16T09:30:00+00:00,488.5,97.0,0.25,22.49,13.12,7.62,551
Ada,16,2024-06-16T09:45:00+00:00,490.6,94.1,0.25,22.42,13.36,7.61,552
Ada,16,2024-06-16T10:00:00+00:00,485.9,94.2,0.25,22.43,13.2,7.61,553
Ada,16,2024-06-16T10:15:00+00:00,483.8,90.9,0.25,22.42,12.97,7.58,554
Ada,16,2024-06-16T10:30:00+00:00,483.6,82.4,0.25,22.39,13.13,7.56,555
Ada,16,2024-06-16T10:45:00+00:00,454.8,73.72,0.23,22.38,11.56,7.53,556
Ada,16,2024-06-16T11:00:00+00:00,462.2,60.78,0.23,22.36,11.51,7.5,557
Ada,16,2024-06-16T11:15:00+00:00,455.7,59.49,0.23,22.38,11.53,7.48,558
Ada,16,2024-06-16T11:30:00+00:00,439.0,68.19,0.22,22.39,12.42,7.52,559
Ada,16,2024-06-16T11:45:00+00:00,462.0,61.31,0.23,22.35,13.3,7.52,560
Ada,16,2024-06-16T12:00:00+00:00,451.2,62.43,0.23,22.25,11.51,7.52,561
Ada,16,2024-06-16T12:15:00+00:00,442.8,58.22,0.22,22.25,12.61,7.52,562
Ada,16,2024-06-16T12:30:00+00:00,446.2,84.3,0.23,22.26,13.27,7.6,563
Ada,16,2024-06-16T12:45:00+00:00,454.5,87.6,0.23,22.15,12.73,7.77,564
Ada,16,2024-06-16T13:00:00+00:00,438.2,91.3,0.22,22.17,13.25,7.82,565
Ada,16,2024-06-16T13:15:00+00:00,436.4,87.5,0.22,22.14,12.61,7.84,566
Ada,16,2024-06-16T13:30:00+00:00,440.8,81.5,0.22,22.07,13.19,7.76,567
Ada,16,2024-06-16T13:45:00+00:00,447.8,69.42,0.23,22.08,12.63,7.75,568
Ada,16,2024-06-16T14:00:00+00:00,452.9,74.48,0.23,22.06,12.42,7.59,569
Ada,16,2024-06-16T14:15:00+00:00,449.7,81.6,0.23,22.12,12.53,7.68,570
Ada,16,2024-06-16T14:30:00+00:00,476.6,80.1,0.24,22.08,11.84,7.65,571
Ada,16,2024-06-16T14:45:00+00:00,474.2,81.9,0.24,22.27,11.56,7.56,572
Ada,16,2024-06-16T15:00:00+00:00,473.5,75.64,0.24,22.14,11.4,7.55,573
Ada,16,2024-06-16T15:15:00+00:00,471.1,82.3,0.24,22.17,12.27,7.61,574
Ada,16,2024-06-16T15:30:00+00:00,484.3,75.81,0.25,22.12,12.15,7.57,575
Ada,16,2024-06-16T15:45:00+00:00,485.4,80.3,0.25,22.15,12.55,7.56,576
Ada,16,2024-06-16T16:00:00+00:00,464.8,81.7,0.24,22.12,12.26,7.62,577
Ada,16,2024-06-16T16:15:00+00:00,452.6,96.2,0.23,22.14,12.0,7.72,578
Ada,16,2024-06-16T16:30:00+00:00,448.6,94.6,0.23,22.21,11.64,7.78,579
Ada,16,2024-06-16T16:45:00+00:00,459.2,98.4,0.23,22.24,12.1,7.77,580
Ada,16,2024-06-16T17:00:00+00:00,468.8,97.0,0.24,22.28,12.39,7.8,581
Ada,16,2024-06-16T17:15:00+00:00,461.3,100.2,0.23,22.39,11.99,7.81,582
Ada,16,2024-06-16T17:30:00+00:00,472.4,97.7,0.24,22.29,12.54,7.75,583
Ada,16,2024-06-16T17:45:00+00:00,451.6,105.1,0.23,22.38,11.5,7.89,584
Ada,16,2024-06-16T18:00:00+00:00,461.6,100.0,0.23,22.32,12.39,7.87,585
Ada,16,2024-06-16T18:15:00+00:00,462.0,109.4,0.23,22.6,12.11,7.87,586
Ada,16,2024-06-16T18:30:00+00:00,467.3,102.3,0.24,22.49,12.62,7.87,587
Ada,16,2024-06-16T18:45:00+00:00,457.7,112.8,0.23,22.53,13.61,7.96,588
Ada,16,2024-06-16T19:00:00+00:00,473.8,106.0,0.24,22.52,13.23,7.95,589
Ada,16,2024-06-16T19:15:00+00:00,473.9,104.9,0.24,22.51,13.02,7.93,590
Ada,16,2024-06-16T19:30:00+00:00,459.3,108.4,0.23,22.66,12.79,7.94,591
Ada,16,2024-06-16T19:45:00+00:00,493.5,108.6,0.25,22.62,12.53,7.92,592
Ada,16,2024-06-16T20:00:00+00:00,480.4,103.9,0.24,22.74,12.25,7.9,593
Ada,16,2024-06-16T20:15:00+00:00,481.5,108.6,0.24,22.79,13.6,7.9,594
Ada,16,2024-06-16T20:30:00+00:00,466.9,112.3,0.23,22.83,13.03,7.96,595
Ada,16,2024-06-16T20:45:00+00:00,474.9,111.5,0.24,22.72,13.32,7.93,596
Ada,16,2024-06-16T21:00:00+00:00,474.9,108.7,0.24,22.73,13.07,7.92,597
Ada,16,2024-06-16T21:15:00+00:00,469.2,109.3,0.24,22.73,13.88,7.88,598
Ada,16,2024-06-16T21:30:00+00:00,472.7,107.8,0.24,22.76,12.47,7.91,599
Ada,16,2024-06-16T21:45:00+00:00,477.0,116.7,0.24,22.77,17.21,7.94,600
Ada,16,2024-06-16T22:00:00+00:00,468.7,114.3,0.24,22.8,16.3,7.96,601
Ada,16,2024-06-16T22:15:00+00:00,473.6,118.6,0.24,22.88,12.17,8.05,602
Ada,16,2024-06-16T22:30:00+00:00,488.4,114.3,0.25,22.87,12.84,7.97,603
Ada,16,2024-06-16T22:45:00+00:00,493.9,120.8,0.25,22.84,14.46,7.9,604
Ada,16,2024-06-16T23:00:00+00:00,485.4,125.9,0.24,22.8,12.21,8.11,605
Ada,16,2024-06-16T23:15:00+00:00,468.5,125.8,0.23,22.97,13.64,8.1,606
Ada,16,2024-06-16T23:30:00+00:00,472.5,120.1,0.24,22.97,11.45,8.07,607
Ada,16,2024-06-16T23:45:00+00:00,481.2,115.6,0.24,22.91,12.18,7.94,608
Ada,16,2024-06-17T00:00:00+00:00,490.8,115.3,0.25,22.86,11.93,7.95,609
Ada,16,2024-06-17T00:15:00+00:00,484.6,124.2,0.24,22.83,12.28,8.14,610
Ada,16,2024-06-17T00:30:00+00:00,483.7,112.5,0.24,22.93,11.92,8.02,611
Ada,16,2024-06-17T00:45:00+00:00,484.7,119.0,0.24,22.93,12.36,8.04,612
Ada,16,2024-06-17T01:00:00+00:00,480.3,114.4,0.24,22.93,13.07,7.99,613
Ada,16,2024-06-17T01:15:00+00:00,484.4,111.5,0.24,22.88,12.11,7.98,614
Ada,16,2024-06-17T01:30:00+00:00,486.2,108.6,0.24,22.84,13.18,7.9,615
Ada,16,2024-06-17T01:45:00+00:00,483.6,109.0,0.24,22.82,13.04,7.89,616
Ada,16,2024-06-17T02:00:00+00:00,474.6,120.0,0.24,22.88,13.1,7.96,617
Ada,16,2024-06-17T02:15:00+00:00,478.4,87.5,0.24,22.89,13.88,7.93,618
Ada,16,2024-06-17T02:30:00+00:00,474.9,111.3,0.24,22.91,13.47,7.96,619
Ada,16,2024-06-17T02:45:00+00:00,481.6,108.6,0.24,22.85,13.44,7.96,620
Ada,16,2024-06-17T03:00:00+00:00,479.5,115.3,0.24,22.87,13.25,7.98,621
Ada,16,2024-06-17T03:15:00+00:00,478.4,114.6,0.24,22.84,13.45,7.99,622
Ada,16,2024-06-17T03:30:00+00:00,474.6,112.9,0.24,22.81,12.78,8.02,623
Ada,16,2024-06-17T03:45:00+00:00,476.0,110.0,0.24,22.78,13.47,7.95,624
Ada,16,2024-06-17T04:00:00+00:00,473.6,109.7,0.24,22.82,12.9,7.99,625
Ada,16,2024-06-17T04:15:00+00:00,466.5,117.4,0.23,22.84,13.62,8.04,626
Ada,16,2024-06-17T04:30:00+00:00,476.6,111.8,0.24,22.78,13.73,7.98,627
Ada,16,2024-06-17T04:45:00+00:00,473.7,110.2,0.24,22.78,13.27,7.96,628
Ada,16,2024-06-17T05:00:00+00:00,480.3,109.6,0.24,22.76,13.59,7.93,629
Ada,16,2024-06-17T05:15:00+00:00,473.7,107.3,0.24,22.79,13.27,7.92,630
Ada,16,2024-06-17T05:30:00+00:00,475.9,106.1,0.24,22.76,13.25,7.9,631
Ada,16,2024-06-17T05:45:00+00:00,474.2,102.9,0.24,22.79,13.5,7.84,632
Ada,16,2024-06-17T06:00:00+00:00,470.4,109.4,0.24,22.78,13.96,7.89,633
Ada,16,2024-06-17T06:15:00+00:00,469.6,110.0,0.24,22.77,52.1,7.93,634
Ada,16,2024-06-17T06:30:00+00:00,469.3,108.4,0.24,22.83,12.99,7.92,635
Ada,16,2024-06-17T06:45:00+00:00,477.2,103.0,0.24,22.8,12.37,7.84,636
Ada,16,2024-06-17T07:00:00+00:00,476.9,102.5,0.24,22.79,18.23,7.82,637
Ada,16,2024-06-17T07:15:00+00:00,473.2,105.7,0.24,22.79,19.97,7.85,638
Ada,16,2024-06-17T07:30:00+00:00,479.2,104.6,0.24,22.79,12.93,7.81,639
Ada,16,2024-06-17T07:45:00+00:00,475.9,105.1,0.24,22.76,12.79,7.83,640
Ada,16,2024-06-17T08:00:00+00:00,474.9,100.1,0.24,22.78,12.23,7.8,641
Ada,16,2024-06-17T08:15:00+00:00,466.0,93.0,0.23,22.93,12.6,7.74,642
Ada,16,2024-06-17T08:30:00+00:00,476.1,95.0,0.24,22.79,12.51,7.77,643
Ada,16,2024-06-17T08:45:00+00:00,478.0,94.7,0.24,22.82,13.21,7.76,644
Ada,16,2024-06-17T09:00:00+00:00,477.2,90.5,0.24,22.78,12.22,7.74,645
Ada,16,2024-06-17T09:15:00+00:00,475.9,89.9,0.24,22.78,13.39,7.8,646
Ada,16,2024-06-17T09:30:00+00:00,470.2,77.6,0.24,22.8,12.4,7.72,647
Ada,16,2024-06-17T09:45:00+00:00,463.0,81.7,0.23,22.82,12.7,7.76,648
Ada,16,2024-06-17T10:00:00+00:00,456.0,81.5,0.23,22.77,11.99,7.85,649
Ada,16,2024-06-17T10:15:00+00:00,459.2,99.8,0.23,22.71,12.48,8.03,650
Ada,16,2024-06-17T10:30:00+00:00,456.9,94.8,0.23,22.72,12.56,8.04,651
Ada,16,2024-06-17T10:45:00+00:00,462.8,88.9,0.23,22.68,12.55,7.98,652
Ada,16,2024-06-17T11:00:00+00:00,459.0,83.9,0.23,22.66,13.26,7.85,653
Ada,16,2024-06-17T11:15:00+00:00,459.2,98.3,0.23,22.69,12.87,8.06,654
Ada,16,2024-06-17T11:30:00+00:00,459.7,101.9,0.23,22.65,11.82,8.1,655
Ada,16,2024-06-17T11:45:00+00:00,457.3,96.8,0.23,22.61,13.52,7.99,656
Ada,16,2024-06-17T12:00:00+00:00,457.3,96.3,0.23,22.59,13.88,8.02,657
Ada,16,2024-06-17T12:15:00+00:00,460.1,102.5,0.23,22.63,16.27,8.07,658
Ada,16,2024-06-17T12:30:00+00:00,462.4,95.6,0.23,22.56,17.63,7.96,659
Ada,16,2024-06-17T12:45:00+00:00,452.8,95.6,0.23,22.57,18.19,8.05,660
Ada,16,2024-06-17T13:00:00+00:00,459.4,95.8,0.23,22.59,20.17,7.96,661
Ada,16,2024-06-17T13:15:00+00:00,465.0,86.0,0.24,22.51,21.59,7.84,662
Ada,16,2024-06-17T13:30:00+00:00,470.2,82.5,0.24,22.44,23.71,7.77,663
Ada,16,2024-06-17T13:45:00+00:00,471.1,89.7,0.24,22.55,21.78,7.74,664
Ada,16,2024-06-17T14:00:00+00:00,466.2,87.7,0.24,22.5,22.34,7.75,665
Ada,16,2024-06-17T14:15:00+00:00,464.1,81.5,0.23,22.57,37.39,7.8,666
Ada,16,2024-06-17T14:30:00+00:00,461.0,88.9,0.23,22.55,38.85,7.77,667
Ada,16,2024-06-17T14:45:00+00:00,463.6,94.3,0.23,22.55,30.6,7.81,668
Ada,16,2024-06-17T15:00:00+00:00,468.2,84.5,0.24,22.55,29.04,7.77,669
Ada,16,2024-06-17T15:15:00+00:00,472.8,91.5,0.24,22.54,29.52,7.79,670
Ada,16,2024-06-17T15:30:00+00:00,472.3,100.1,0.24,22.59,25.58,7.78,671
