measurement,timestamp,Salinity,pH,Temperature(F),Turbidity,Dissolved Oxygen,Conductivity,sensors/Temp
Ada,4/16/2022,0.21,8.47,20.58,9.59,151.8,405.3,13.87
Ada,4/17/2022,0.21,8.63,20.53,10.25,163.1,407.5,14.1
Ada,4/18/2022,0.21,8.7,20.6,9.78,163.9,404.4,12.75
Ada,4/19/2022,0.21,8.77,20.6,9.35,165,395.2,10.37
Ada,4/20/2022,0.21,8.72,20.6,9.03,165.1,403.7,9.36
Ada,4/21/2022,0.21,8.59,20.72,8.37,156.8,404.3,9.7
Ada,4/22/2022,0.21,8.64,20.59,8.75,153.7,400.5,10.79
Ada,4/23/2022,0.21,8.63,20.57,8.31,155.8,402.7,11.4
Ada,4/24/2022,0.21,8.45,20.64,7.92,149.7,399.8,12.28
Ada,4/25/2022,0.21,8.45,20.73,8.06,152.3,403.5,12.94
Ada,4/26/2022,0.21,8.46,20.76,7.5,146.8,409.1,12.86
Ada,4/27/2022,0.21,8.47,20.63,8.14,147.7,406.1,13.25
Ada,4/28/2022,0.21,8.39,20.63,7.85,156.2,398.1,13.13
Ada,4/29/2022,0.21,8.3,20.6,7.92,147.1,401.2,12.39
Ada,4/30/2022,0.21,8.25,20.58,7.77,144.7,401.5,12.26
Ada,5/1/2022,0.21,8.27,20.64,7.93,143.2,400.9,12.87
Ada,5/2/2022,0.21,8.21,20.66,7.68,142.7,399.9,13.41
Ada,5/3/2022,0.21,8.22,20.62,7.78,144.1,400.5,13.47
Ada,5/4/2022,0.21,8.16,20.6,7.84,141.6,396.8,13.74
Ada,5/5/2022,0.21,8.15,20.57,7.85,140.2,403.5,13.96
Ada,5/6/2022,0.21,8.11,20.57,7.65,135.5,405.7,14.51
Ada,5/7/2022,0.21,8.1,20.53,7.97,139.1,405.6,14.15
Ada,5/8/2022,0.21,8.08,20.55,8.13,132.4,406,12.91
Ada,5/9/2022,0.22,8.05,20.61,9.7,134.9,413.6,12.75
Ada,5/10/2022,0.22,8.07,20.66,9.07,140.6,413.7,12.99
Ada,5/11/2022,0.22,8.06,20.56,10.07,135.6,409.7,13.57
Ada,5/12/2022,0.22,8.06,20.61,9.76,134.8,413,14.2
Ada,5/13/2022,0.22,8.02,20.59,9.76,134.9,411.5,14.82
Ada,5/14/2022,0.22,8.04,20.59,9.69,131,410,15.47
Ada,5/15/2022,0.22,8.03,20.59,8.84,128.4,411.1,15.99
Ada,5/16/2022,0.22,8.02,20.58,8.55,74.83,412.4,16.67
Ada,5/17/2022,0.22,8.01,20.54,8.69,128.9,410.3,17.17
Ada,5/18/2022,0.22,8.02,20.52,8.35,134.9,409.1,17.21
Ada,5/19/2022,0.22,8.03,20.54,8.4,132,410,17.13
Ada,5/20/2022,0.22,8.03,20.55,7.83,134.9,411.1,16.89
Ada,5/21/2022,0.22,8.11,20.54,8.49,137.7,410.2,17.11
Ada,5/22/2022,0.22,8.08,20.54,7.7,137.8,411.8,17.7
Ada,5/23/2022,0.22,8.05,20.57,7.87,136.6,411.4,18.48
Ada,5/24/2022,0.2,8.05,20.53,227.9,120.3,378.7,19.1
Ada,5/25/2022,0.22,8.08,20.54,7.91,137.1,410.4,18.98
Ada,5/26/2022,0.22,8.05,20.54,8.01,134.9,409.9,18.95
Ada,5/27/2022,0.22,8.04,20.53,7.98,134.2,410.8,19.13
Ada,5/28/2022,0.22,8.02,20.47,7.92,132.2,409.2,19.24
Ada,5/29/2022,0.22,8.03,20.54,7.87,136.8,412.5,18.83
Ada,5/30/2022,0.22,8.05,20.54,9.05,136.8,412.8,19.01
Ada,5/31/2022,0.22,8.04,20.53,9.32,135.7,411.3,19.4
Ada,6/1/2022,0.22,8.04,20.51,8.99,134.6,412,19.85
Ada,6/2/2022,0.22,8.03,20.52,9.04,133.6,411.4,19.08
Ada,6/3/2022,0.22,8.03,20.46,9.11,121.6,411.7,19.02
Ada,6/4/2022,0.22,8,20.48,10.09,132.4,417.2,19.41
Ada,6/5/2022,0.22,8,20.46,10.05,129.9,416.3,19.7
Ada,6/6/2022,0.22,7.95,20.45,9.41,127.9,411.2,19.73
Ada,6/7/2022,0.23,7.69,20.47,9.01,80.8,442.7,19.83
Ada,6/8/2022,0.22,7.71,20.47,9.48,106.9,424.1,19.94
Ada,6/9/2022,0.22,7.78,20.48,9.63,114.2,421,20.43
Ada,6/10/2022,0.22,7.79,20.47,9.6,120.1,417.9,20.45
Ada,6/11/2022,0.22,7.74,20.48,9.33,107.1,424.1,20.47
Ada,6/12/2022,0.22,7.69,20.47,10.01,99.9,425,20.48
Ada,6/13/2022,0.22,7.69,20.48,9.91,98.1,426.2,20.18
Ada,6/14/2022,0.23,7.7,20.42,9.36,96.3,430.1,20.55
Ada,6/15/2022,0.23,7.69,20.4,14.61,96.2,430.6,21.07
Ada,6/16/2022,0.23,7.74,20.36,8.84,98.9,430.5,21.32
Ada,6/17/2022,0.23,7.68,20.33,11.76,93.5,430.2,21.14
Ada,6/18/2022,0.23,7.69,20.28,8.71,92.7,431.2,21.68
Ada,6/19/2022,0.23,7.62,20.23,10.32,84.2,432.8,20.35
Ada,6/20/2022,0.23,7.66,20.21,8.54,96.3,431.7,20
Ada,6/21/2022,0.23,7.64,20.21,9.53,99.8,429.8,20.37
Ada,6/22/2022,0.23,7.69,20.19,10.59,99.7,430.6,20.49
Ada,6/23/2022,0.23,7.8,20.19,9.75,103.1,429.2,19.94
Ada,6/24/2022,0.23,7.91,20.15,8.81,108.7,429.1,20.39
Ada,6/25/2022,0.23,7.91,20.15,9.41,111.2,430.1,21.45
Ada,6/26/2022,0.23,7.84,20.18,9.69,87.4,429.9,22.58
Ada,6/27/2022,0.23,7.82,20.25,9.77,90.7,428.1,23.38
Ada,6/28/2022,0.23,7.8,20.26,9.94,106.2,428.6,23.39
Ada,6/29/2022,0.23,7.71,20.13,146.8,99.8,430.4,23.49
Ada,6/30/2022,0.23,7.83,20.13,15.75,111.3,432.5,24.05
Ada,7/1/2022,0.23,7.91,20.1,11.33,114.4,431,24.87
Ada,7/2/2022,0.23,7.98,20.1,11.34,120.9,431.8,25.72
Ada,7/3/2022,0.23,8.08,20.19,9.13,122.4,432.5,26.6
Ada,7/4/2022,0.23,8.04,20.12,9.52,115.3,432.7,26.52
Ada,7/5/2022,0.23,8.04,20.1,12.28,122.6,431.7,26.36
Ada,7/6/2022,0.23,8.07,20.15,10.12,123.7,435.3,25.98
Ada,7/7/2022,0.23,8.07,20.24,7.57,118.7,429.5,26.09
Ada,7/8/2022,0.23,8.05,20.25,9.2,123.4,435,26.15
Ada,7/9/2022,0.23,8.04,20.34,7.93,121.7,436,26.36
Ada,7/10/2022,0.23,8.03,20.34,7.86,113,435.1,26.39
Ada,7/11/2022,0.23,8.18,20.36,8.75,130.3,433,26.27
Ada,7/12/2022,0.2,8.3,20.39,8.75,136.5,379.6,26.35
Ada,7/13/2022,0.23,8.29,20.47,8.21,132.2,437.6,26.78
Ada,7/14/2022,0.23,8.35,20.53,8.33,140.8,438.4,27.27
Ada,7/15/2022,0.23,8.25,20.39,8.35,129.3,435.3,27.18
Ada,7/16/2022,0.23,8.16,20.52,8.22,131.8,437.1,26.75
Ada,7/17/2022,0.23,8.37,20.55,8.15,154.2,433.5,26.52
Ada,7/18/2022,0.23,8.48,20.6,8.54,152.8,437.7,26.2
Ada,7/19/2022,0.23,8.67,20.54,9.98,159.2,439.8,23.98
Ada,7/20/2022,0.23,8.66,20.58,9.63,157.6,437.1,24.44
Ada,7/21/2022,0.23,8.76,20.61,7.98,162.4,438,25.59
Ada,7/22/2022,0.23,8.69,20.69,10.12,160.3,436.4,26.47
Ada,7/23/2022,0.23,8.75,20.62,9.62,166.2,437.1,27.2
Ada,7/24/2022,0.23,8.77,20.69,9.58,165.4,437.3,27.86
Ada,7/25/2022,0.23,8.86,20.74,7.87,170.4,429.3,28.32
Ada,7/26/2022,0.17,8.86,20.8,8.16,171.7,325.6,27.77
Ada,7/27/2022,0.21,8.85,20.75,10.54,173.1,397,26.79
Ada,7/28/2022,0.21,8.9,20.74,7.14,171.7,401.8,26.81
Ada,7/29/2022,0.21,8.96,20.77,7.96,185.5,394.1,27.08
Ada,7/30/2022,0.19,8.92,20.82,7.81,176,362.3,26.98
Ada,7/31/2022,0.22,8.9,20.75,7.16,180.1,412.4,26.74
Ada,8/1/2022,0.23,8.94,20.75,6.93,183.1,435,26.48
Ada,8/2/2022,0.23,8.92,20.78,6.85,182.5,433.4,25.75
Ada,8/3/2022,0.23,8.9,20.83,6.7,179.6,438.3,26.12
Ada,8/4/2022,0.23,8.91,20.73,6.67,182.7,437,26.73
Ada,8/5/2022,0.23,8.89,20.81,6.66,183.4,436.9,27.3
Ada,8/6/2022,0.23,8.87,20.82,6.7,175.5,439.9,27.7
Ada,8/7/2022,0.23,8.93,20.78,6.16,174,435.7,28.09
Ada,8/8/2022,0.23,8.91,20.79,6.43,177,437.4,28.65
Ada,8/9/2022,0.23,8.9,20.77,6.46,173.7,437.4,29.14
Ada,8/10/2022,0.23,8.9,20.76,6.33,176,436.4,29
Ada,8/11/2022,0.23,8.89,20.75,6.29,176.4,436.4,28.38
Ada,8/12/2022,0.23,8.87,20.78,6.55,173.9,437.9,27.71
Ada,8/13/2022,0.23,8.84,20.76,6.76,174.2,437.7,26.4
Ada,8/14/2022,0.23,8.83,20.76,6.77,174.1,438.8,25.22
Ada,8/15/2022,0.23,8.84,20.71,6.76,173.7,436.6,24.76
Ada,8/16/2022,0.2,8.83,20.76,8.33,174,388.5,24.52
Ada,8/17/2022,0.23,8.78,20.75,6.87,172.5,435.6,24.28
Ada,8/18/2022,0.21,8.78,20.77,6.55,170.4,394.5,23.68
Ada,8/19/2022,0.21,8.82,20.8,6.42,171.8,409.9,23.52
Ada,8/20/2022,0.2,8.82,20.79,6.61,176.1,375.3,23.63
Ada,8/21/2022,0.22,8.82,20.86,6.55,175.8,421.1,23.76
Ada,8/22/2022,0.23,8.78,20.74,6.36,170.5,438.3,23.99
Ada,8/23/2022,0.23,8.73,20.77,6.49,167.3,439.2,24.1
Ada,8/24/2022,0.23,8.66,20.76,6.89,162.7,440.3,24.32
Ada,8/25/2022,0.23,8.47,20.77,6.69,153.6,440.3,24.5
Ada,8/26/2022,0.23,8.5,20.77,6.6,159.5,440.9,24.69
Ada,8/27/2022,0.23,8.44,20.78,6.63,156.8,441.9,24.89
Ada,8/28/2022,0.23,8.48,20.78,6.64,160.5,440.8,25.21
Ada,8/29/2022,0.23,8.41,20.77,6.65,153.1,437.7,25.48
Ada,8/30/2022,0.16,8.41,20.78,6.85,152,310.8,25.86
Ada,8/31/2022,0.15,8.46,20.73,6.86,156.5,291.6,26.07
Ada,9/1/2022,0.15,8.4,20.75,6.89,154.2,297.1,25.44
Ada,9/2/2022,0.14,8.42,20.72,6.91,153.1,276.6,24.43
Ada,9/3/2022,0.16,8.38,20.75,7.22,151.4,302.5,23.71
Ada,9/4/2022,0.13,8.44,20.77,6.86,155,260.3,23.69
Ada,9/5/2022,0.13,8.45,20.78,7.19,155.6,244.6,23.99
Ada,9/6/2022,0.2,8.43,20.73,7.28,157,374.8,24.05
Ada,9/7/2022,0.19,8.43,20.83,7.3,152.6,372.5,22.96
Ada,9/8/2022,0.23,8.24,20.72,7.25,143.2,441.8,22.39
Ada,9/9/2022,0.14,8.27,20.73,7.22,144.5,260.9,21.97
Ada,9/10/2022,0.23,8.24,20.73,7.22,143.1,437.1,21.77
Ada,9/11/2022,0.23,8.21,20.73,7.46,142.8,441.5,21.92
Ada,9/12/2022,0.23,8.21,20.77,7.39,143.7,441.7,21.87
Ada,9/13/2022,0.23,8.19,20.74,7.85,141.4,441.9,22.14
Ada,9/14/2022,0.23,8.19,20.75,8.24,139.5,441.3,22.2
Ada,9/15/2022,0.23,8.19,20.69,8.88,144.1,440.7,22.23
Ada,9/16/2022,0.23,8.19,20.72,7.52,140.4,439.5,21.33
Ada,9/17/2022,0.23,8.2,20.75,7.73,142.4,441.8,20.9
Ada,9/18/2022,0.23,8.19,20.68,7.56,139.8,441,20.99
Ada,9/19/2022,0.23,8.16,20.79,7.75,138.6,442.2,21.5
Ada,9/20/2022,0.23,8.13,20.65,7.64,135.6,442,21.8
Ada,9/21/2022,0.23,8.07,20.65,7.76,133.4,441.4,21.72
Ada,9/22/2022,0.23,8.06,20.65,8.41,100.8,441.4,21.76
Ada,9/23/2022,0.23,8.07,20.72,8.07,132.2,442.6,20.5
Ada,9/24/2022,0.23,8.05,20.74,8.89,131.7,442.9,18.61
Ada,9/25/2022,0.23,8,20.72,9.96,131.5,442.7,18.21
Ada,9/26/2022,0.23,7.94,20.73,8.76,125,441.8,18.15
Ada,9/27/2022,0.23,7.93,20.67,10.14,125.1,441.8,18.45
Ada,9/28/2022,0.23,7.9,20.65,11.44,124.2,441.6,18.09
Ada,9/29/2022,0.23,7.92,20.66,8.04,128.5,441.6,18.08
Ada,9/30/2022,0.23,8,20.63,10.98,132.5,441.5,17.59
Ada,10/1/2022,0.23,8.02,20.68,14.69,136.1,441.3,17.1
Ada,10/2/2022,0.23,8,20.75,9.84,123.7,442.2,16.63
Ada,10/3/2022,0.23,8.12,20.7,13.73,136.3,442.9,15.14
Ada,10/4/2022,0.23,8.26,20.76,16.71,140,442.2,14.01
Ada,10/5/2022,0.23,8.29,20.77,16.86,137.8,444.5,13.75
Ada,10/6/2022,0.23,8.34,20.8,13.27,147.8,443.7,14.07
Ada,10/7/2022,0.23,8.37,20.72,10.98,144.4,443.7,14.73
Ada,10/8/2022,0.23,8.41,20.72,14.38,147.4,443,15.41
Ada,10/9/2022,0.23,8.42,20.76,15.55,151.2,437.2,14.77
Ada,10/10/2022,0.23,8.6,20.86,12.7,162.2,440.4,14.49
Ada,10/11/2022,0.23,8.6,20.84,11.74,149.3,442.8,14.44
Ada,10/12/2022,0.23,8.57,20.88,11.04,155.5,444.1,14.54
Ada,10/13/2022,0.23,8.72,20.88,10.47,163.4,444.2,14.94
Ada,10/14/2022,0.23,8.75,20.76,10.59,165.5,444.7,15.42
Ada,10/15/2022,0.23,8.76,20.94,10.3,160.7,445.1,15.26
Ada,10/16/2022,0.23,8.75,21,11.94,162.9,445.9,15.04
Ada,10/17/2022,0.23,8.74,21,11.91,161.6,445.4,14.83
Ada,10/18/2022,0.23,8.77,20.9,9.84,166.8,444.2,14.88
Ada,10/19/2022,0.23,8.79,20.85,12.47,164.1,445.6,14.14
Ada,10/20/2022,0.23,8.81,20.98,14.08,170.3,445.3,13.23
Ada,10/21/2022,0.23,8.85,20.99,12.36,167.9,446.1,12.54
Ada,10/22/2022,0.23,8.85,21.14,10.55,169.6,445.9,12.18
Ada,10/23/2022,0.23,8.9,21.16,9.6,174.7,447.3,12.39
Ada,10/24/2022,0.23,8.88,21.2,9.69,168.1,446.7,12.72
Ada,10/25/2022,0.23,8.88,21.23,11.09,172.7,447.5,13.02
Ada,10/26/2022,0.23,8.87,21.29,10.76,169.3,447.5,13.4
Ada,10/27/2022,0.23,8.9,21.23,11.15,172.3,443.2,14.33
Ada,10/28/2022,0.23,8.9,21.34,10.78,173.9,448.2,14.04
Ada,10/29/2022,0.23,8.91,21.32,8.93,173.2,448.8,12.91
Ada,10/30/2022,0.23,8.89,21.25,9.31,174,448,12.16
Ada,10/31/2022,0.23,8.89,21.26,10.32,175.3,450,11.77
Ada,11/1/2022,0.23,8.9,21.45,9.01,178.9,450.3,11.93
Ada,11/2/2022,0.23,8.88,21.45,9.68,175.2,449.7,12.51
Ada,11/3/2022,0.23,8.91,21.36,10.7,172.2,449.6,12.78
Ada,11/4/2022,0.23,8.9,21.33,11.72,177,450,12.61
Ada,11/5/2022,0.23,8.9,21.37,13.4,175.1,450.3,12.9
Ada,11/6/2022,0.23,8.88,21.2,13.97,176.1,450,13.48
Ada,11/7/2022,0.23,8.87,21.31,18.56,172.3,450.1,14
Ada,11/8/2022,0.23,8.85,21.34,15.1,175.9,450.2,14.38
Ada,11/9/2022,0.23,8.85,21.32,15.91,172.3,449.2,12.81
Ada,11/10/2022,0.23,8.84,21.42,15.79,156.9,446.5,11.84
Ada,11/11/2022,0.23,8.85,21.29,17.43,148.9,451,11.97
Ada,11/12/2022,0.23,8.84,21.34,17.56,125.9,450.6,12.28
Ada,11/13/2022,0.23,8.82,21.39,7.66,137.1,451,12.83
Ada,11/14/2022,0.23,8.8,21.35,7.42,150.2,449.8,11.78
Ada,11/15/2022,0.22,8.78,21.31,7.66,146.5,433.6,10.11
Ada,11/16/2022,0.23,8.77,21.32,9.58,156.9,449.7,9.03
Ada,11/17/2022,0.23,8.76,21.32,7.76,148.3,450.3,8.51
Ada,11/18/2022,0.23,8.76,21.3,8.4,152.5,446,7.76
Ada,11/19/2022,0.23,8.73,21.31,9.76,154.1,450.3,6.95
Ada,11/20/2022,0.23,8.7,21.34,8.89,156,450.2,6.1
Ada,11/21/2022,0.23,8.73,21.3,9.43,159.7,450.2,4.82
Ada,11/22/2022,0.23,8.7,21.32,9.46,155.5,450.4,4.57
Ada,11/23/2022,0.23,8.71,21.33,8.07,157.4,450.3,4.75
Ada,11/24/2022,0.23,8.68,21.3,7.8,154.2,450.6,4.89
Ada,11/25/2022,0.23,8.65,21.3,6.95,155.6,450.7,5.02
Ada,11/26/2022,0.23,8.64,21.32,6.98,160.6,450.9,5.31
Ada,11/27/2022,0.23,8.65,21.29,7.29,159.8,450.8,5.37
Ada,11/28/2022,0.23,8.67,21.34,7.02,164.4,451,5.97
Ada,11/29/2022,0.23,8.63,21.28,7.3,159.6,450.7,5.91
Ada,11/30/2022,0.23,8.63,21.28,7.13,160.3,450.9,5.47
Ada,12/1/2022,0.23,8.63,21.26,7.12,159.6,451,5.69
Ada,12/2/2022,0.23,8.61,21.27,7.11,159.4,452.6,4.8
Ada,12/3/2022,0.23,8.59,21.26,7.17,155.4,451.9,4.84
Ada,12/4/2022,0.24,8.57,21.27,7.08,155.1,453.8,5.52
Ada,12/5/2022,0.23,8.57,21.29,7.29,156.1,451.9,4.86
Ada,12/6/2022,0.23,8.54,21.29,7.37,157.3,452.2,4.51
Ada,12/7/2022,0.23,8.55,21.28,7.62,158.4,434.7,5.37
Ada,12/8/2022,0.23,8.55,21.28,7.68,157.2,452.4,5.71
Ada,12/9/2022,0.23,8.53,21.32,7.59,159.3,452.6,6.07
Ada,12/10/2022,0.24,8.55,21.24,7.68,158.2,452.9,5
Ada,12/11/2022,0.24,8.52,21.26,7.52,156.7,453.6,4.84
Ada,12/12/2022,0.24,8.53,21.25,7.55,155.7,453.1,3.88
Ada,12/13/2022,0.24,8.51,21.23,7.46,159.2,454.9,3.64
Ada,12/14/2022,0.24,8.49,21.27,7.7,153.9,453,3.82
Ada,12/15/2022,0.24,8.45,21.25,8.2,152.8,453.1,4.1
Ada,12/16/2022,0.24,8.48,21.17,9.08,155.6,453.3,4.27
Ada,12/17/2022,0.24,8.49,21.3,8.03,139.1,453.6,4.46
Ada,12/18/2022,0.24,8.46,21.25,8.92,147.8,453.6,4.82
Ada,12/19/2022,0.24,8.42,21.24,9.05,142.3,452.9,4.81
Ada,12/20/2022,0.24,8.4,21.21,8.95,142.3,453,4.63
Ada,12/21/2022,0.24,8.35,21.21,9.98,145.2,454.1,4.4
Ada,12/22/2022,0.24,8.22,21.14,22,144.7,455.9,4.78
Ada,12/23/2022,0.24,8.31,21.22,10.11,145.1,454.1,5.32
Ada,12/24/2022,0.24,8.34,21.21,8.51,146.9,453.2,4.83
Ada,12/25/2022,0.24,8.31,21.21,9.37,147.4,454.3,4.84
Ada,12/26/2022,0.24,8.28,21.2,8.71,146.1,455.1,5.31
Ada,12/27/2022,0.24,8.22,21.21,9.88,144.2,456.4,5.63
Ada,12/28/2022,0.24,8.21,21.21,8.85,145.7,456,5.85
Ada,12/29/2022,0.24,8.19,21.24,8.87,144,456.9,6.04
Ada,12/30/2022,0.24,8.18,21.22,9.33,143.9,456.8,6.27
Ada,12/31/2022,0.24,8.22,21.33,9.81,145.8,458.5,6.44
Ada,1/1/2023,0.24,8.27,21.42,9.57,148.1,457.9,6.49
Ada,1/2/2023,0.24,8.33,21.27,13.25,147.2,456.5,6.68
Ada,1/3/2023,0.24,8.28,21.33,12.7,148.7,460.3,6.69
Ada,1/4/2023,0.24,8.29,21.6,9.44,146.3,458,6.67
Ada,1/5/2023,0.24,8.27,21.18,9.07,143.4,460.4,7.08
Ada,1/6/2023,0.24,8.31,21.2,10.03,140.1,462.2,7.4
Ada,1/7/2023,0.24,8.33,21.37,9.68,145.8,460.8,7.32
Ada,1/8/2023,0.24,8.27,21.43,9.36,141.7,462.2,6.16
Ada,1/9/2023,0.24,8.16,21.37,9.42,136.3,461.8,5.7
Ada,1/10/2023,0.24,8.27,21.4,9.11,141,463.1,5.33
Ada,1/11/2023,0.24,8.33,21.49,9.04,148.4,462.1,4.96
Ada,1/12/2023,0.24,8.38,21.59,8.06,147.8,461.2,5.03
Ada,1/13/2023,0.24,8.31,21.55,8.41,148.2,463,5.6
Ada,1/14/2023,0.24,8.27,21.41,11.01,142.1,463.9,5.69
Ada,1/15/2023,0.24,8.29,21.49,9.11,149.8,463.2,4.28
Ada,1/16/2023,0.24,8.34,21.64,8.91,154.5,464.1,3.17
Ada,1/17/2023,0.24,8.45,21.75,8.27,154.6,463.7,3.45
Ada,1/18/2023,0.24,8.48,21.57,8.25,164.1,464.3,4.02
Ada,1/19/2023,0.24,8.53,21.65,8.6,162.6,465.4,4.6
Ada,1/20/2023,0.24,8.54,21.86,11.18,160,464.3,4.65
Ada,1/21/2023,0.24,8.57,21.86,8.3,161.8,464.7,4.83
Ada,1/22/2023,0.24,8.56,21.86,8.57,166.5,462.3,5.34
Ada,1/23/2023,0.24,8.59,21.88,8.88,164,465.8,4.94
Ada,1/24/2023,0.24,8.67,21.79,8.61,171.6,461.8,4.5
Ada,1/25/2023,0.24,8.72,21.91,7.93,171.9,460.4,4.56
Ada,1/26/2023,0.24,8.76,21.98,10.11,178.5,464.8,4.68
Ada,1/27/2023,0.24,8.73,21.88,11.09,174.8,465.7,5.07
Ada,1/28/2023,0.24,8.71,21.88,11.98,178.8,464.3,5.34
Ada,1/29/2023,0.24,8.79,22,12.46,183.8,463.8,5.69
Ada,1/30/2023,0.24,8.76,22.07,10.02,174.3,465.7,5.86
Ada,1/31/2023,0.24,8.83,21.89,10.85,187.3,464.3,6.03
Ada,2/1/2023,0.24,8.73,22.1,12.94,175.6,466,5.3
Ada,2/2/2023,0.24,8.78,22.02,17.04,185,463.8,4.77
Ada,2/3/2023,0.24,8.67,22.01,19.04,171.7,467.5,4.14
Ada,,0.24,8.83,21.93,18.68,181.4,468.1,
Ada,,0.24,8.8,22.01,19,178.2,467.2,
Ada,,0.24,8.81,22.02,20.24,177,463.6,
Ada,,0.24,8.84,22.16,26.43,178.3,465.3,
Ada,,0.24,8.78,21.98,31.82,178.4,469.5,
Ada,,0.24,8.81,22.12,18.49,180.6,466.4,
Ada,,0.24,8.75,22.11,7.46,178.9,466.5,
Ada,,0.24,8.81,22.16,7.86,183.3,463.6,
Ada,,0.24,8.76,22.18,7.98,176.2,467.1,
Ada,,0.24,8.8,22.05,9.66,183.9,467.4,
Ada,,0.24,8.8,22.1,8.49,180,467,
Ada,,0.24,8.83,22.14,8.53,185.2,466.5,
Ada,,0.24,8.82,22.09,8.52,183.9,467,
Ada,,0.24,8.77,22.08,8.62,179.1,466.5,
Ada,,0.24,8.73,22.1,16.71,173.8,461.3,
Ada,,0.24,8.58,22.07,9.19,173.6,467.5,
Ada,,0.24,8.62,22.1,9.3,171.7,465.1,
Ada,,0.24,8.71,22.1,9.56,170.3,467.1,
Ada,,0.24,8.75,22.12,10.14,172.9,466.5,
Ada,,0.24,8.73,22.13,9.1,174.7,465.7,
Ada,,0.24,8.68,22.1,9.19,172.5,466.1,
Ada,,0.24,8.67,22.1,9.92,174.5,466.5,
Ada,,0.24,8.56,22.08,9.83,171.5,467.1,
Ada,,0.24,8.67,22.12,9.64,171.5,467,
Ada,,0.24,8.56,22.14,9.52,165.9,466.6,
Ada,,0.24,8.7,22.1,9.13,173.5,466.7,
Ada,,0.24,8.72,22.14,8.49,176.3,466.1,
Ada,,0.24,8.65,22.12,8.63,169.6,465.9,
Ada,,0.24,8.61,22.03,8.73,179.8,467.4,
Ada,,0.24,8.57,22.07,9.11,176.3,467.1,
Ada,,0.24,8.63,22.09,8.95,179.2,466.2,
Ada,,0.24,8.63,22.06,8.69,175.8,467.2,
Ada,,0.24,8.65,22.07,8.86,178,466.7,
Ada,,0.24,8.63,22.1,7.34,174.6,466.8,
Ada,,0.24,8.64,22.17,7.3,175.6,466.5,
Ada,,0.24,8.63,22.05,7.16,173.5,467.2,
Ada,,0.24,8.66,22.08,7.54,171.1,467.2,
Ada,,0.24,8.66,22.11,7.44,177.4,467.2,
Ada,,0.24,8.65,22.08,14.23,172.3,467.8,
Ada,,0.24,8.6,22.1,14.07,170.2,464.2,
Ada,,0.24,8.62,22.05,14.06,173.9,463.2,
Ada,,0.24,8.62,22,14.26,171.1,464.9,
Ada,,0.24,8.55,22.05,14.76,170.1,465.2,
Ada,,0.24,8.49,22.03,23.8,171.5,470.2,
Ada,,0.24,8.59,22,26.97,170.1,468.5,
Ada,,0.24,8.56,22.06,28.82,167.9,465.9,
Ada,,0.24,8.6,21.98,30.11,169.4,467.6,
Ada,,0.24,8.58,22.01,32.17,167.5,467.7,
Ada,,0.24,8.5,22.02,34.45,164.7,469.2,
Ada,,0.24,8.52,22,36.2,165.5,468.2,
Ada,,0.24,8.47,22.06,32.9,164.4,467.7,
Ada,,0.24,8.53,21.99,42.84,163.7,467.4,
Ada,,0.24,8.5,21.98,40.17,161.2,474,
Ada,,0.25,8.34,22,47.51,150,479,
Ada,,0.25,8.24,21.95,12.77,148.5,481.1,
Ada,,0.25,8.19,21.97,13.52,148.1,479.8,
Ada,,0.25,8.23,21.97,13.68,147.8,481.2,
Ada,,0.25,8.27,21.91,8.81,151.7,480.7,
Ada,,0.25,8.25,21.94,8.53,150.9,479.2,
Ada,,0.25,8.27,21.87,9.9,150.4,482,
Ada,,0.25,8.23,21.94,10.68,150.9,479.8,
Ada,,0.25,7.95,22.01,8.98,113.6,481.5,
Ada,,0.25,8.22,21.9,9.06,147.4,479.2,
Ada,,0.25,8.14,22.02,8.59,138.5,479.3,
Ada,,0.25,8.19,21.94,9.05,143.7,483.9,
Ada,,0.25,8.16,22.16,8.32,150.9,482.5,
Ada,,0.25,8.01,22.01,8.72,125.2,480.8,
Ada,,0.25,8.03,22.01,8.85,135.3,480.8,
Ada,,0.25,8.09,22,8.26,140.3,481.4,
Ada,,0.25,8.08,21.93,8.42,137.6,482.7,
Ada,,0.24,8,22.07,8.46,134.4,476.2,
Ada,,0.25,7.96,22.23,8.03,125.1,481.8,
Ada,,0.25,7.95,22.08,8.43,124.9,486.8,
Ada,,0.24,7.88,22.23,8.25,118.7,479.3,
Ada,,0.24,7.88,22.13,8.31,118.5,474.1,
Ada,,0.24,7.86,22.23,8.87,113.4,476.9,
Ada,,0.25,7.84,22.16,9.26,113.5,481.1,
Ada,,0.25,7.91,22.26,8.76,129.2,484,
Ada,,0.25,7.82,22.15,8.44,111.3,482.2,
Ada,,0.24,7.89,22.32,8.44,108,481.8,
Ada,,0.24,7.88,22.45,7.92,108.5,481.4,
Ada,,0.24,7.92,22.44,8.25,117,481.4,
Ada,,0.25,7.99,22.58,7.98,119.2,486.2,
Ada,,0.25,8.06,22.46,7.98,132.1,483.9,
Ada,,0.25,8.09,22.56,8,136.8,485.2,
Ada,,0.25,8.11,22.37,7.96,144,488,
Ada,,0.25,8.11,22.48,8.08,123.2,487,
Ada,,0.24,8.08,22.71,7.98,131.4,485.6,
Ada,,0.25,8.07,22.49,8.04,134.8,487.5,
Ada,,0.25,8.12,22.57,8.19,135.7,487.9,
Ada,,0.23,8.13,22.72,7.98,135.2,461.8,
Ada,,0.24,8.13,22.68,8.61,135.6,481.9,
Ada,,0.24,8.18,22.74,8.2,139.2,486,
Ada,,0.25,8.22,22.87,8.11,145.1,487.9,
Ada,,0.25,8.19,22.88,8.2,121.7,489.3,
Ada,,0.25,8.27,22.71,8.07,146.9,488.8,
Ada,,0.25,8.23,22.71,8.3,136,489.1,
Ada,,0.25,8.22,22.81,8.23,139.9,488.5,
Ada,,0.24,8.29,23.24,8.02,145.3,488.9,
Ada,,0.25,8.25,22.99,8,145.9,489.2,
Ada,,0.25,8.29,22.8,8.14,141.6,488,
Ada,,0.24,8.34,23,8.4,144.2,486.1,
Ada,,0.24,8.42,22.96,12.98,150.6,488.6,
Ada,,0.24,8.43,22.96,10.01,153.4,487.6,
Ada,,0.25,8.52,22.8,8.09,160.3,489.1,
Ada,,0.24,8.42,22.94,10.12,158,487.1,
Ada,,0.25,8.46,22.9,10.3,156.9,489.8,
Ada,,0.24,8.4,23.01,10.59,154,487.8,
Ada,,0.25,8.51,22.87,12.09,139.7,489.8,
Ada,,0.25,8.51,22.77,12.92,165.4,489.8,
Ada,,0.25,8.5,22.84,14.48,167.6,489.5,
Ada,,0.25,8.54,22.75,18.97,164.1,491.3,
Ada,,0.25,8.52,22.84,16.21,161.6,489.2,
Ada,,0.25,8.51,22.73,16.01,165.4,490,
Ada,,0.25,8.5,22.76,13.88,165.7,489.8,
Ada,,0.24,8.47,22.93,14.88,156.5,488.2,
Ada,,0.25,8.47,22.86,9.14,159.3,488.6,
Ada,,0.24,8.47,22.83,9.85,158.6,484.1,
Ada,,0.24,8.49,22.87,14.63,162.8,483.2,
Ada,,0.24,8.47,22.88,11.19,156.8,472.6,
Ada,,0.24,8.47,22.88,12.07,159.1,487.8,
Ada,,0.24,8.51,22.92,12.87,164,486.9,
Ada,,0.24,8.48,22.85,11.27,164.5,487,
Ada,,0.24,8.53,22.9,11.28,153.8,486.7,
Ada,,0.24,8.47,22.86,11.64,166.5,487.4,
Ada,,0.25,8.49,22.86,11.73,162.9,488.8,
Ada,,0.25,8.38,22.82,13.47,154.7,489.3,
Ada,,0.25,8.46,22.82,11.68,161.6,490.5,
Ada,,0.25,8.43,22.85,12.2,158,488.4,
Ada,,0.25,8.36,22.84,15.29,153.1,488,
Ada,,0.25,8.37,22.81,15.35,157.9,489,
Ada,,0.25,8.36,22.86,10.62,151.9,489.4,
Ada,,0.25,8.38,22.83,10.92,144.2,492.3,
Ada,,0.25,8.41,22.81,10.71,153.5,488.9,
Ada,,0.25,8.32,22.8,13.38,151.9,489.4,
Ada,,0.25,8.32,22.8,11.13,155.8,490.2,
Ada,,0.25,8.3,22.73,11.61,153.9,489.5,
Ada,,0.25,8.36,22.86,12.39,157.4,490.6,
Ada,,0.25,8.46,22.82,13.11,163.2,492.1,
Ada,,0.25,8.36,22.8,13.54,156.5,491.7,
Ada,,0.25,8.37,22.79,13.93,159.2,492.3,
Ada,,0.25,8.34,22.79,14.54,156.6,491.5,
Ada,,0.25,8.29,22.74,15.06,152.3,496,
Ada,,0.25,8.13,22.83,14.96,141.4,493.1,
Ada,,0.25,8.1,22.78,16.51,157.2,493.8,
Ada,,0.25,8.09,22.86,17.43,144.4,492.5,
Ada,,0.25,8.07,22.74,16.88,153.3,494.1,
Ada,,0.25,7.99,22.72,17.26,135.4,496.3,
Ada,,0.25,7.7,22.76,15.09,112.7,490.3,
Ada,,0.25,7.56,22.65,13.28,92.4,493.6,
Ada,,0.25,7.56,22.65,12.93,84,491.6,
Ada,,0.25,7.61,22.64,15.46,98.3,492.9,
Ada,,0.25,7.63,22.64,13.97,104,493.7,
Ada,,0.25,7.66,22.57,13.89,106.4,494.2,
Ada,,0.25,7.66,22.56,13.68,102.4,493.4,
Ada,,0.25,7.71,22.59,13.73,105.8,493.6,
Ada,,0.25,7.64,22.58,13.6,97.1,490.9,
Ada,,0.25,7.75,22.59,14.14,110.1,493.9,
Ada,,0.25,7.66,22.61,13.07,88.6,488.5,
Ada,,0.25,7.88,22.7,14.02,119.6,498,
Ada,,0.25,7.79,22.75,13.27,102.7,488.9,
Ada,,0.25,7.85,22.55,37.9,116.6,490,
Ada,,0.25,7.87,22.59,9.71,125,499.8,
Ada,,0.25,7.92,22.63,11.33,122.9,496.4,
Ada,,0.25,7.88,22.81,12,120,493.3,
Ada,,0.25,7.83,22.75,12.87,120,493.1,
Ada,,0.25,7.76,22.65,10.86,106,491.7,
Ada,,0.25,7.78,22.57,9.82,111.6,493,
Ada,,0.25,7.79,22.66,11.09,117.7,493.9,
Ada,,0.25,7.98,22.61,11.39,123.1,493.6,
Ada,,0.25,8,22.72,11.76,121.7,494,
Ada,,0.25,8.14,22.7,10.08,127.3,494.6,
Ada,,0.25,8,22.72,13.9,126.4,492.6,
Ada,,0.25,8.2,22.74,18.69,137.8,497.7,
Ada,,0.25,8.48,22.76,14.86,146.1,494.7,
Ada,,0.24,8.5,22.84,17.74,135.2,486.6,
Ada,,0.25,8.58,22.81,14.05,142.7,493.6,
Ada,,0.25,8.57,22.71,12.42,159.8,498.5,
Ada,,0.25,8.53,22.73,12.78,147.6,494.5,
Ada,,0.25,8.58,22.83,10.55,152.2,496.8,
Ada,,0.26,8.61,22.84,10.09,162.9,508.6,
Ada,,0.25,8.63,22.91,10.21,168.2,502,
Ada,,0.26,8.65,23.15,8.69,177.8,510.4,
Ada,,0.26,8.65,23.03,9.04,172.6,510,
Ada,,0.26,8.77,22.83,8.49,182.4,507.1,
Ada,,0.25,8.76,22.84,8.35,181.3,506.6,
Ada,,0.26,8.85,22.93,8.7,184.6,508.6,
Ada,,0.25,8.82,22.98,8.31,185.9,503.3,
Ada,,0.25,8.87,22.88,8.64,189.6,505.2,
Ada,,0.25,8.8,23.26,8.85,176.9,503.6,
Ada,,0.25,8.82,23.16,8.11,179.3,506.9,
Ada,,0.25,8.86,23.08,9.2,192.1,504.7,
Ada,,0.25,8.97,23.09,9.62,194.3,498.2,
Ada,,0.25,8.85,23.12,9.7,185.3,504.5,
Ada,,0.26,8.84,23.12,8.9,192.4,510.1,
Ada,,0.26,8.74,23.05,10.46,190.8,513.7,
Ada,,0.25,8.84,23.18,11.59,188.4,504.7,
Ada,,0.25,8.92,23.2,10.83,200.7,503.2,
Ada,,0.25,9.01,23.23,12.44,202,500,
Ada,,0.25,8.96,23.08,15.27,202.9,504.2,
Ada,,0.25,8.96,23.06,18.51,203.6,503.1,
Ada,,0.25,8.96,23.05,22.02,200.7,502.9,
Ada,,0.25,8.92,23.07,14.86,193.3,504.1,
Ada,,0.25,8.94,23.13,16.37,195.6,503.5,
Ada,,0.25,8.83,23.28,12.67,188.4,503,
Ada,,0.25,8.86,23.27,14.43,195.3,509.3,
Ada,,0.25,8.78,23.07,15.11,185.7,507.6,
Ada,,0.25,8.83,23.18,15.29,188.5,504.8,
Ada,,0.25,8.79,23.09,11.91,185.2,505.8,
Ada,,0.25,8.75,23.07,9.73,180.2,505.3,
Ada,,0.25,8.81,22.99,58.93,185.7,505.8,
Ada,,0.25,8.76,23.18,7.75,180.7,507.5,
Ada,,0.25,8.76,23.12,9.04,184.1,509.5,
Ada,,0.26,8.71,23.07,10.28,181.9,514.4,
Ada,,0.26,8.74,23.1,10.78,148.2,510.7,
Ada,,0.25,8.76,23.09,11.87,182.4,506.1,
Ada,,0.25,8.72,23.11,9.28,187.9,509.6,
Ada,,0.26,8.72,23.11,8.1,185.6,510.7,
Ada,,0.26,8.66,23.08,8.29,183,514.1,
Ada,,0.26,8.65,23.01,8.54,182.1,517,
Ada,,0.25,8.65,23.14,8.74,179.1,507.1,
Ada,,0.26,8.62,23.14,9.18,181.1,510.8,
Ada,,0.26,8.6,23.09,9.66,178.1,510.8,
Ada,,0.26,8.57,23.01,10.68,175.7,512.8,
Ada,,0.26,8.56,22.99,8.82,174.5,514.2,
Ada,,0.26,8.52,22.99,8.6,169.6,513.6,
Ada,,0.26,8.5,23.12,8.86,168.4,513.6,
Ada,,0.26,8.5,23.07,8.95,169.9,510.1,
Ada,,0.26,8.46,23.08,9.39,166,514.2,
Ada,,0.26,8.46,22.97,9.65,167.7,514.3,
Ada,,0.26,8.44,23.01,9.97,166.2,515.3,
Ada,,0.26,8.42,23,10.04,166,514.2,
Ada,,0.26,8.42,23.02,9.66,165.4,513,
Ada,,0.26,8.32,22.95,9.9,152.4,516,
Ada,,0.26,8.31,22.97,10.08,154.9,519,
Ada,,0.26,8.33,22.97,10.82,158.4,519,
Ada,,0.26,8.32,23.01,10.41,161.7,518.3,
Ada,,0.26,8.38,23.03,11.62,162.2,517.4,
Ada,,0.26,8.33,22.94,10.71,157.5,518.8,
Ada,,0.26,8.31,22.93,11.25,158.3,517,
Ada,,0.26,8.3,23.03,11.22,160,516.4,
Ada,,0.26,8.22,22.98,11.52,147.4,513.8,
Ada,,0.26,8.1,22.93,11.97,147.8,514.3,
Ada,,0.26,8.07,22.85,11.68,142.8,518.9,
Ada,,0.26,7.83,22.92,11.58,125.3,516.5,
Ada,,0.26,7.89,22.95,11.54,132,517.7,
Ada,,0.26,7.97,22.91,11.66,133.6,517.4,
Ada,,0.26,7.94,22.86,11.55,133.2,518.9,
Ada,,0.26,7.98,22.93,11.88,137.2,519.8,
Ada,,0.26,7.86,22.87,11.4,129.5,520.5,
Ada,,0.26,7.92,22.89,12.27,135.5,519.8,
Ada,,0.26,7.9,22.86,12.7,132.9,520,
Ada,,0.26,8.01,22.87,12.42,154.4,523.8,
Ada,,0.26,7.81,22.88,11.48,134.5,519.6,
Ada,,0.26,7.88,22.94,11.81,135.1,518.2,
Ada,,0.26,7.83,22.96,9.86,108.3,508.4,
Ada,,0.26,7.73,22.93,11.89,95.4,510.7,
Ada,,0.26,7.83,22.89,10.75,121.4,517.2,
Ada,,0.26,7.62,22.84,9.56,111.4,511.6,
Ada,,0.26,7.81,22.84,8.42,129.1,519.4,
Ada,,0.26,7.83,22.86,11.76,127,525.1,
Ada,,0.26,7.87,22.88,13.78,129.2,519,
Ada,,0.26,7.92,22.88,10.61,134.1,521.2,
Ada,,0.26,7.96,22.89,10.15,127,523.5,
Ada,,0.26,7.89,22.88,10.59,128.7,513.6,
Ada,,0.26,7.82,22.86,11.32,114.8,511.2,
Ada,,0.26,7.85,22.81,10.33,124.1,512.5,
Ada,,0.26,7.96,23.04,10.88,133.4,513.6,
Ada,,0.26,7.99,23.03,9.76,136.2,516.5,
Ada,,0.26,8.06,22.87,11.01,141.5,517.9,
Ada,,0.26,8.28,23,10.31,162.4,518.9,
Ada,,0.26,8.2,22.95,10.5,141.2,519.6,
Ada,,0.26,8.26,22.95,10.57,139.3,515.5,
Ada,,0.26,8.16,22.96,10.18,139.8,518.5,
Ada,,0.27,8.43,23.1,9.97,160.7,532.1,
Ada,,0.26,8.42,22.99,9.41,162,516.1,
Ada,,0.26,8.41,22.94,8.45,160.1,520.8,
Ada,,0.26,8.42,23.01,8.97,159.5,515.7,
Ada,,0.26,8.62,23.04,8.68,168.2,522.7,
Ada,,0.26,8.48,23.11,8.63,156.7,518.7,
Ada,,0.26,8.4,23.06,11.88,164.8,519.5,
Ada,,0.26,8.71,23.05,12.93,180.4,523.6,
Ada,,0.26,8.64,23.19,15.06,175.3,524.7,
Ada,,0.26,8.65,23.11,9.68,179,529,
Ada,,0.26,8.59,23.17,10.73,177.9,529.4,
Ada,,0.26,8.74,23.23,10.41,192.2,522.1,
Ada,,0.28,8.46,23.12,11.06,170.8,552.2,
Ada,,0.26,8.55,23.28,8.19,174.2,529.8,
Ada,,0.28,8.51,23.3,8.39,173.2,560.4,
Ada,,0.27,8.58,23.2,9.85,175,531.5,
Ada,,0.26,8.58,23.27,9.15,172,524.3,
Ada,,0.27,8.52,23.42,8.62,172.1,539.4,
Ada,,0.25,8.47,23.3,8.74,161.9,508.3,
Ada,,0.26,8.36,23.12,8.86,157.4,515.2,
Ada,,0.26,8.39,23.28,8.34,163.7,520.6,
Ada,,0.26,8.44,23.26,7.96,163.1,514.7,
Ada,,0.26,8.38,23.08,7.93,155.6,510.2,
Ada,,0.27,8.29,23.33,8.06,157,536.9,
Ada,,0.26,8.24,23.2,8.2,156.6,528.2,
Ada,,0.28,8.16,23.3,8.4,161.7,563.3,
Ada,,0.29,8.29,23.51,8.26,170.9,575.3,
Ada,,0.27,8.26,23.1,8.1,162,541.6,
Ada,,0.27,8.21,23.2,8.31,153.3,543.5,
Ada,,0.27,8.26,23.37,8,157,535.8,
Ada,,0.28,8.22,23.42,8.56,163.3,556.5,
Ada,,0.28,8.22,23.52,8.67,162.8,560.7,
Ada,,0.26,8.17,23.34,8.84,155.2,530.1,
Ada,,0.27,8.15,23.21,8.62,156,539.1,
Ada,,0.27,8.15,23.14,9.11,150.2,536.3,
Ada,,0.27,8.13,23.12,8.82,148.5,535.8,
Ada,,0.27,8.06,23.15,8.79,146.6,536.8,
Ada,,0.27,8.03,23.11,8.3,147.1,532.6,
Ada,,0.27,8.08,23.12,8.5,149.5,533,
Ada,,0.27,8.06,23.03,8.49,148.6,531.9,
Ada,,0.27,7.98,22.98,8.64,141.2,542.7,
Ada,,0.27,7.99,22.94,8.29,144.8,534.5,
Ada,,0.27,7.88,23,9.22,141.6,542.5,
Ada,,0.28,7.88,22.96,8.77,140.1,552.7,
Ada,,0.28,7.79,23.02,10.07,128,553,
Ada,,0.29,7.78,22.99,9.44,131.4,574.4,
Ada,,0.28,7.75,22.99,9.62,131.1,562.7,
Ada,,0.27,7.82,22.9,9.15,138.4,541.5,
Ada,,0.29,7.75,22.95,9.88,127.2,567.5,
Ada,,0.29,7.74,22.91,13.35,129.6,568.8,
Ada,,0.29,7.75,22.94,10.13,130.6,573,
Ada,,0.28,7.77,22.85,9.68,133.5,561.9,
Ada,,0.29,7.75,22.9,9.66,130.3,567.6,
Ada,,0.28,7.75,22.85,9.87,133.8,563.1,
Ada,,0.28,7.78,22.85,9.97,133.7,555.8,
Ada,,0.28,7.76,22.82,9.99,130.3,556.5,
Ada,,0.29,7.73,22.81,10.58,123,578,
Ada,,0.27,7.68,22.75,11.76,113.3,527.3,
Ada,,0.27,7.67,22.75,11.77,112.7,543.9,
Ada,,0.28,7.67,22.79,9.92,124.6,556.8,
Ada,,0.28,7.68,22.8,10.8,122.1,558.7,
Ada,,0.28,7.68,22.78,10.72,121.8,551.8,
Ada,,0.28,7.69,22.77,10.66,120.8,546,
Ada,,0.29,7.67,22.83,10.5,124.1,576,
Ada,,0.26,7.67,22.84,11.69,120.6,521.1,
Ada,,0.28,7.67,22.72,11.34,118.8,553.4,
Ada,,0.29,7.65,22.76,12.11,123.2,568.2,
Ada,,0.28,7.67,22.8,11.11,121,557.3,
Ada,,0.27,7.67,22.83,11.06,119.5,541.5,
Ada,,0.28,7.65,22.73,11.24,116.4,552,
Ada,,0.28,7.64,22.72,11.01,118.8,555.3,
Ada,,0.28,7.64,22.72,11.33,118.5,547.1,
Ada,,0.27,7.65,22.74,10.49,113,543.3,
Ada,,0.27,7.64,22.73,11.01,113.9,543,
Ada,,0.28,7.63,22.71,10.32,112.2,545.5,
Ada,,0.28,7.62,22.69,11.12,107.2,551.2,
Ada,,0.28,7.62,22.75,11.01,109.6,546.3,
Ada,,0.26,7.59,22.67,10.78,108.5,519.7,
Ada,,0.27,7.57,22.79,10.86,111.1,540.2,
Ada,,0.23,7.59,22.59,10.31,90.8,464.9,
Ada,,0.27,7.56,22.74,10.56,112.6,533.9,
Ada,,0.29,7.59,22.72,10.07,113.2,563.4,
Ada,,0.27,7.63,22.81,10.44,116.2,544.1,
Ada,,0.28,7.61,22.81,10.56,101.3,552.2,
Ada,,0.27,7.61,22.76,9.97,110,542.9,
Ada,,0.24,7.56,22.77,11.64,83,478,
Ada,,0.27,7.51,22.72,10.5,99.8,541.4,
Ada,,0.29,7.64,22.81,11.86,136.7,571.7,
Ada,,0.26,7.63,22.84,10.47,106.9,521.3,
Ada,,0.26,7.7,22.92,14.48,119.9,521.7,
Ada,,0.25,7.79,22.96,11.87,110.6,493.1,
Ada,,0.26,7.76,22.91,13.25,130.3,508,
Ada,,0.26,7.97,22.92,13.68,142.4,525.5,
Ada,,0.26,8.23,22.94,11.59,163.6,524.2,
Ada,,0.26,8.14,23.16,10.93,164.9,517.6,
Ada,,0.26,8.26,23.2,10.14,160.3,511.4,
Ada,,0.25,8.38,23.13,10.61,166.9,496,
Ada,,0.23,8.33,23.11,10.24,161.7,465.4,
Ada,,0.24,8.37,23.25,10.28,164.1,477.5,
Ada,,0.26,8.41,23.2,10.16,168.1,513.9,
Ada,,0.25,8.51,23.41,9.71,177.4,510.6,
Ada,,0.27,8.48,23.34,10.23,180.1,532.7,
Ada,,0.25,8.5,23.33,9.72,176.9,503.8,
Ada,,0.26,8.58,23.46,10.01,180.6,514.1,
